code,uz,ru
A,Ovqat hazm qilish tizimi va moddalar almashinuvi,Пищеварительный тракт и обмен веществ
A01,Stomatologiyada qoʻllaniladigan preparatlar,Препараты применяемые в стоматологии
A01A,Stomatologiyada qoʻllaniladigan preparatlar,Препараты применяемые в стоматологии
A01AA,Kariyesning oldini olish uchun preparatlar,Препараты для профилактики кариеса
A01AA01,Natriy ftoridi,Натрия фторид
A01AA02,Natriy monoftorfosfati,Натрия монофторфосфат
A01AA03,Olaflur,Олафлур
A01AA04,Qalay ftoridi,Олова фторид
A01AA30,Kariyesni oldini olish uchun majmualangan preparatlar,Препараты для профилактики кариеса комбинированные
A01AA51,Natriy ftoridi boshqa vositalar bilan majmuada,Натрия фторид в комбинации со средствами
A01AB,Mikroblarga qarshi preparatlar va ogʻiz boʻshligʻi kasalliklarini mahalliy davolash uchun antiseptiklar,Противомикробные препараты и антисептики для местного лечения заболеваний полости рта
A01AB02,Vodorod peroksidi,Водорода пероксид
A01AB03,Xlorgeksidin,Хлоргексидин
A01AB04,Amfoteritsin B,Амфотерицин B
A01AB05,Polinoksilin,Полиноксилин
A01AB06,Domifen bromidi,Домифена бромид
A01AB07,Oksixinolin,Оксихинолин
A01AB08,Neomitsin,Неомицин
A01AB09,Mikonazol,Миконазол
A01AB10,Natamitsin,Натамицин
A01AB11,Boshqa preparatlar,Прочие препараты
A01AB12,Geksetidin,Гексэтидин
A01AB13,Tetratsiklin,Тетрациклин
A01AB14,Benzoksoniy xloridi,Бензоксония хлорид
A01AB15,Tibezoniy yodidi,Тибезония йодид
A01AB16,Mepartritsin,Мепартрицин
A01AB17,Metronidazol,Метронидазол
A01AB18,Klotrimazol,Клотримазол
A01AB19,Natriy perborati,Натрия перборат
A01AB21,Xlortetratsiklin,Хлортетрациклин
A01AB22,Doksitsiklin,Доксициклин
A01AB23,Minotsiklin,Миноциклин
A01AC,Ogʻiz boʻshligʻi kasalliklarini mahalliy davolash uchun kortikosteroidlar,Кортикостероиды для местного лечения заболеваний полости рта
A01AC01,Triamsinolon,Триамцинолон
A01AC02,Deksametazon,Дексаметазон
A01AC03,Gidrokortizon,Гидрокортизон
A01AC54,Prednizolon boshqa vositalar bilan majmuada,Преднизолон в комбинации со средствами
A02,Kislotali muhit buzilishi bilan bogʻliq kasalliklarni davolash uchun preparatlar,Препараты для лечения заболеваний связанных с нарушением кислотности
A02A,Antatsidlar,Антациды
A02AA,Magniy birikmalari,Соединения магния
A02AA01,Magniy karbonati,Магния карбонат
A02AA02,Magniy oksidi,Магния оксид
A02AA03,Magniy peroksidi,Магния пероксид
A02AA04,Magniy gidroksidi,Магния гидроксид
A02AA05,Magniy silikati,Магния силикат
A02AA10,Magniy preparatlari boshqa vositalar bilan majmuada,Препараты магния В комбинации со средствами
A02AB,Alyuminiy birikmalari,Соединения алюминия
A02AB01,Alyuminiy gidroksidi,Алюминия гидроксид
A02AB02,Algeldrat,Алгелдрат
A02AB03,Alyuminiy fosfati,Алюминия фосфат
A02AB04,Karbaldrat,Карбалдрат
A02AB05,Alyuminiy atsetoatsetati,Алюминия ацетоацетат
A02AB06,Aloglutamol,Алоглутамол
A02AB07,Alyuminiy glitsinati,Алюминия глицинат
A02AB10,Alyuminiy preparatlari boshqa vositalar bilan majmuada,Препараты алюминия в комбинации со средствами
A02AC,Kalsiy birikmalari,Соединения кальция
A02AC01,Kalsiy karbonati,Кальция карбонат
A02AC02,Kalsiy silikati,Кальция силикат
A02AC10,Kalsiy preparatlari boshqa vositalar bilan majmuada,Препараты кальция в комбинации со средствами
A02AD,"Alyuminiy, kalsiy va magniyning majmuaviy va kompleks preparatlari","Комбинированные и комплексные препараты алюминия, кальция и магния"
A02AD01,Tuzlarning oddiy birikmasi,Простое сочетание солей
A02AD02,Magaldrat,Магалдрат
A02AD03,Almagat,Алмагат
A02AD04,Gidrotalsit,Гидроталцит
A02AD05,Almasilat,Алмасилат
A02AF,Antatsidlar yel haydovchi vositalar bilan majmuada,Антациды в комбинации с ветрогонными средствами
A02AF01,Magaldrat yel haydovchi vositalar bilan majmuada,Магалдрат в комбинации с ветрогонными средствами
A02AF02,Tuzlarning oddiy birikmasi yel haydovchi vositalar bilan majmuada,Простое сочетание солей в комбинации с ветрогонными средствами
A02B,Meʼda va oʻn ikki barmoqli ichak yara kasalligi va gastroezofageal reflyuks kasalligini (GERK) davolash uchun preparatlar,Препараты для лечения язвенной болезни желудка и двенадцатиперстной кишки и гастроэзофагеальной рефлюксной болезни (ГЭРБ)
A02BA,H2-gistamin retseptorlar blokatorlari,Блокаторы Н2-гистаминовых рецепторов
A02BA01,Simetidin,Циметидин
A02BA02,Ranitidin,Ранитидин
A02BA03,Famotidin,Фамотидин
A02BA04,Nizatidin,Низатидин
A02BA05,Niperotidin,Ниперотидин
A02BA06,Roksatidin,Роксатидин
A02BA07,Ranitidin vismut sitrati,Ранитидина висмута цитрат
A02BA08,Lafutidin,Лафутидин
A02BA51,Simetidin boshqa vositalar bilan majmuada,Циметидин в комбинации со средствами
A02BA53,Famotidin boshqa vositalar bilan majmuada,Фамотидин в комбинации со средствами
A02BB,Prostaglandinlar,Простагландины
A02BB01,Mizoprostol,Мизопростол
A02BB02,Enprostil,Энпростил
A02BC,Proton nasos ingibitorlari,Ингибиторы протонного насоса
A02BC01,Omeprazol,Омепразол
A02BC02,Pantoprazol,Пантопразол
A02BC03,Lansoprazol,Лансопразол
A02BC04,Rabeprazol,Рабепразол
A02BC05,Ezomeprazol,Эзомепразол
A02BC06,Dekslansoprazol,Декслансопразол
A02BC07,Deksrabeprazol,Декcрабепразол
A02BC53,Lansoprazol boshqa vositalar bilan majmuada,Лансопразол в комбинации со средствами
A02BC54,Rabeprazol boshqa vositalar bilan majmuada,Рабепразол в комбинации со средствами
A02BD,Xelikobakter pilori eradikatsiyasi uchun majmuaviy preparatlar,Комбинированные препараты для эрадикации хеликобактер пилори
A02BD01,"Omeprazol ,amoksitsillin va metronidazol","Омепразол ,амоксициллин и метронидазол"
A02BD02,"Lansoprazol, tetratsiklin va metronidazol","Лансопразол, тетрациклин и метронидазол"
A02BD03,"Lansoprazol, amoksitsillin va metronidazol","Лансопразол, амоксициллин и метронидазол"
A02BD04,"Pantoprazol, amoksitsillin va klaritromitsin","Пантопразол, амоксициллин и кларитромицин"
A02BD05,"Omeprazol ,amoksitsillin va klaritromitsin","Омепразол ,амоксициллин и кларитромицин"
A02BD06,"Ezomeprazol ,amoksitsillin va klaritromitsin","Эзомепразол ,амоксициллин и кларитромицин"
A02BD07,"Lansoprazol, amoksitsillin va klaritromitsin","Лансопразол, амоксициллин и кларитромицин"
A02BD08,"Vismuta subsitrat, Tetratsiklin va Metronidazol","Висмута субцитрат, Тетрациклин и Метронидазол"
A02BD09,"Lansoprazol, klaritromitsin va tinidazol","Лансопразол, кларитромицин и тинидазол"
A02BD10,"Lansoprazol, amoksitsillin va levofloksatsin","Лансопразол, амоксициллин и левофлоксацин"
A02BD11,"Pantoprazol, amoksitsillin, klaritromitsin va metronidazol","Пантопразол, амоксициллин, кларитромицин и метронидазол"
A02BX,Meʼda va oʻn ikki barmoqli ichak yara kasalligi va GERKni davolash uchun boshqa preparatlar,Другие препараты для лечения язвенной болезни желудка и двенадцатиперстной кишки и ГЭРБ
A02BX01,Karbenoksolon,Карбеноксолон
A02BX02,Sukralfat,Сукральфат
A02BX03,Pirenzepin,Пирензепин
A02BX04,Metiosulfoniy xloridi,Метиосульфония хлорид
A02BX05,Vismut trikaliy ditsitrati,Висмута трикалия дицитрат
A02BX06,Proglumid,Проглумид
A02BX07,Gefarnat,Гефарнат
A02BX08,Sulglikotid,Сульгликотид
A02BX09,Asetoksolon,Ацетоксолон
A02BX10,Zolimidin,Золимидин
A02BX11,Troksipid,Троксипид
A02BX12,Vismut subnitrati,Висмута субнитрат
A02BX13,Algin kislotasi,Альгиновая кислота
A02BX51,Karbenoksolon boshqa vositalar bilan majmuada (psixotrop preparatlardan tashqari),Карбеноксолон в комбинации со средствами (исключая психотропные препараты)
A02BX71,Karbenoksolon psixotrop vositalar bilan majmuada,Карбеноксолон в комбинации с психотропными средствами
A02BX77,Gefarnat psixotrop vositalar bilan majmuada,Гефарнат в комбинации с психотропными средствами
A03,Meʼda - ichak yoʻllari funksional buzilishlarini davolash uchun preparatlar,Препараты для лечения функциональных нарушений желудочно-кишечного тракта
A03A,Meʼda - ichak yoʻllari funksional buzilishlarini davolash uchun preparatlar,Препараты для лечения функциональных нарушений желудочно-кишечного тракта
A03AA,"Sintetik antixolinergik vositalar, uchlamchi aminoguruh efirlari bilan","Синтетические антихолинергические средства, эфиры с третичной аминогруппой"
A03AA01,Oksifensiklimin,Оксифенциклимин
A03AA03,Kamilofin,Камилофин
A03AA04,Mebeverin,Мебеверин
A03AA05,Trimebutin,Тримебутин
A03AA06,Rotsiverin,Роциверин
A03AA07,Ditsikloverin,Дицикловерин
A03AA08,Digeksiverin,Дигексиверин
A03AA09,Difemerin,Дифемерин
A03AA30,Piperidolat,Пиперидолат
A03AB,"Sintetik antixolinergik vositalar, toʻrtlamchi ammoniy birikmalari","Синтетические антихолинергические средства, четвертичные аммониевые соединения"
A03AB01,Benzilon,Бензилон
A03AB02,Glikopirroniy bromidi,Гликопиррония бромид
A03AB03,Oksifenoniy,Оксифеноний
A03AB04,Pentiyenat,Пентиенат
A03AB05,Propantelin,Пропантелин
A03AB06,Otiloniy bromidi,Отилония бромид
A03AB07,Metantelin,Метантелин
A03AB08,Tridigeksetil,Тридигексетил
A03AB09,Izopropamid,Изопропамид
A03AB10,Geksotsikliy,Гексоциклий
A03AB11,Poldin,Полдин
A03AB12,Mepenzolat,Мепензолат
A03AB13,Bevoniy,Бевоний
A03AB14,Pipenzolat,Пипензолат
A03AB15,Difenamil,Дифенамил
A03AB16,(2-benzgidriloksietil) dietilmetilammoniy yodidi,(2-бензгидрилоксиэтил) диэтилметиламмония йодид
A03AB17,Tiyemoniy yodidi,Тиемония йодид
A03AB18,Prifiniy bromidi,Прифиния бромид
A03AB19,Timepidiy bromidi,Тимепидия бромид
A03AB21,Fenpiveriniy bromidi,Фенпивериния бромид
A03AB53,Oksifenoniy bromidi boshqa vositalar bilan majmuada,Оксифенония бромид в комбинации со средствами
A03AC,"Sintetik spazmolitiklar, uchlamchi aminoguruh amidlari bilan","Синтетические спазмолитики, амиды с третичной аминогруппой"
A03AC02,Dimetilaminopropionilfenotiazin,Диметиламинопропионилфенотиазин
A03AC04,Nikofetamid,Никофетамид
A03AC05,Tiropramid,Тиропрамид
A03AD,Papaverin va uning hosilalari,Папаверин и его производные
A03AD01,Papaverin,Папаверин
A03AD02,Drotaverin,Дротаверин
A03AD30,Moksaverin,Моксаверин
A03AE,Serotonin retseptorlar antogonistlari,Антагонисты серотониновых рецепторов
A03AE01,Alosetron,Алосетрон
A03AE03,Silansetron,Цилансетрон
A03AX,Meʼda - ichak yoʻllari funksional buzilishlarini davolash uchun boshqa preparatlar,Другие препараты для лечения функциональных нарушений желудочно-кишечного тракта
A03AX01,Fenpipran,Фенпипран
A03AX02,Diizopromin,Диизопромин
A03AX03,Xlorbenzoksamin,Хлорбензоксамин
A03AX04,Pinaveriy bromidi,Пинаверия бромид
A03AX05,Fenoverin,Феноверин
A03AX06,Idanpramin,Иданпрамин
A03AX07,Proksazol,Проксазол
A03AX08,Alverin,Алверин
A03AX09,Trepibuton,Трепибутон
A03AX10,Izometepten,Изометептен
A03AX11,Karoverin,Кароверин
A03AX12,Floroglutsinol,Флороглуцинол
A03AX13,Silikonlar,Силиконы
A03AX14,Valetamat,Валетамат
A03AX30,Trimetildifenilpropilamin,Триметилдифенилпропиламин
A03AX58,Alverin boshqa vositalar bilan majmuada,Алверин в комбинации со средствами
A03B,Belladonna preparatlari,Препараты белладонны
A03BA,"Belladonna alkaloidlari, uchlamchi amnlar","Алкалоиды белладонны, третичные амины"
A03BA01,Atropin,Атропин
A03BA03,Giossiamin,Гиосциамин
A03BA04,Belladona alkaloid yigʻindisi,Белладонны алкалолидов сумма
A03BB,"Belladonna yarimsintetik alkaloidlari, toʻrtlamchi ammoniy birikmasi","Полусинтетические алкалоиды белладонны, четвертичные аммониевые соединения"
A03BB01,Giossin butilbromidi,Гиосцина бутилбромид
A03BB02,Metilatropin,Метилатропин
A03BB03,Metilskopolamin,Метилскополамин
A03BB04,Fentoniy bromidi,Фентония бромид
A03BB05,Simetropiy bromidi,Циметропия бромид
A03C,Spazmolitiklar psixotrop vositalar bilan majmuada,Спазмолитики в комбинации с психотропными средствами
A03CA,Sintetik antixolinergik vositalar psixotrop vositalar bilan majmuada,Синтетические антихолинергические средства в комбинации с психотропными средствами
A03CA01,Izopropamid psixotrop vositalar bilan majmuada,Изопропамид в комбинации с психотропными средствами
A03CA02,Klinidiy bromidi va psixoleptiklar,Клинидия бромид и психолептиками
A03CA03,Oksifensiklimin va psixoleptiklar,Оксифенциклимин и психолептиками
A03CA04,Otiloniy bromidi va psixoleptiklar,Отилония бромид и психолептиками
A03CA05,Glikopirroniy bromidi va psixoleptiklar,Гликопиррония бромид и психолептиками
A03CA06,Bevoniy metilsulfati va psixoleptiklar,Бевония метилсульфат и психолептиками
A03CA07,Ambutoniy bromidi va psixoleptiklar,Амбутония бромид и психолептиками
A03CA08,Difemanil va psixoleptiklar,Дифеманил и психолептиками
A03CA09,Pinzolatom va psixoleptiklar,Пинзолатом и психолептиками
A03CA30,Emeproniy bromidi va psixoleptiklar,Эмепрония бромид и психолептиками
A03CA34,Propantelin va psixoleptiklar,Пропантелин и психолептиками
A03CB,Belladonna preparatlari psixotrop vositalar bilan majmuada,Препараты белладонны в комбинации с психотропными средствами
A03CB01,Metilskopolamin va psixoleptiklar,Метилскополамин и психолептиками
A03CB02,Belladonna alkaloid yigʻmasi va psixoleptiklar,Белладонны алкалоидов сумма и психолептиками
A03CB03,Atropin va psixoleptiklar,Атропин и психолептиками
A03CB04,Metilgomatropin va psixoleptiklar,Метилгоматропин и психолептиками
A03CB31,Giossiamin va psixoleptiklar,Гиосциамин и психолептиками
A03D,Spazmolitiklar analgetiklar bilan majmuada,Спазмолитики в комбинации с анальгетиками
A03DA,Sintetik antixolinergik vositalar analgetiklar bilan majmuada,Синтетические антихолинергические средства в комбинации с анальгетиками
A03DA01,Tropenzilon va analgetiklar,Тропензилон и анальгетики
A03DA02,Pitofenona va analgetiklar,Питофенон и анальгетики
A03DA03,Bevoniy metilsulfati va analgetiklar,Бевония метилсульфат и анальгетики
A03DA04,Sikloniy bromidi va analgetiklar,Циклония бромид и анальгетики
A03DA05,Kamilofin va analgetiklar,Камилофин и анальгетики
A03DA06,Trospiy xloridi va analgetiklar,Троспия хлорид и анальгетики
A03DA07,Tiyemoniy yodidi va analgetiklar,Тиемония йодид и анальгетики
A03DB,Belladonna preparatlari analgetiklar bilan majmuada,Препараты белладонны в комбинации с анальгетиками
A03DB04,Butilskopolamin va analgetiklar,Бутилскополамин и анальгетики
A03F,Meʼda - ichak yoʻllari motorikasini stimulyatorlari,Стимуляторы моторики желудочно-кишечного тракта
A03FA,Meʼda - ichak yoʻllari motorikasini stimulyatorlari,Стимуляторы моторики желудочно-кишечного тракта
A03FA01,Metoklopramid,Метоклопрамид
A03FA02,Sizaprid,Цизаприд
A03FA03,Domperidon,Домперидон
A03FA04,Bromoprid,Бромоприд
A03FA05,Alizaprid,Ализаприд
A03FA06,Kleboprid,Клебоприд
A03FA07,Itoprid,Итоприд
A03FA08,Sinitaprid,Цинитаприд
A04,Qusishga va koʻngil aynishiga qarshi preparatlar,Противорвотные и противотошнотные препараты
A04A,Qusishga va koʻngil aynishiga qarshi preparatlar,Противорвотные и противотошнотные препараты
A04AA,Serotonin 5ht3-retseptorlari blokatorlari,Блокаторы серотониновых 5ht3-рецепторов
A04AA01,Ondansetron,Ондансетрон
A04AA02,Granisetron,Гранисетрон
A04AA03,Tropisetron,Трописетрон
A04AA04,Dolasetron,Доласетрон
A04AA05,Palonosetron,Палоносетрон
A04AA55,Palonosetron majmuada,Палоносетрон комбинации
A04AD,Boshqa qusishga qarshi preparatlar,Другие противорвотные препараты
A04AD01,Skopolamin,Скополамин
A04AD02,Seriy oksalati,Церия оксалат
A04AD04,Xlorobutanol,Хлоробутанол
A04AD05,Metopimazin,Метопимазин
A04AD10,Dronabinol,Дронабинол
A04AD11,Nabilon,Набилон
A04AD12,Aprepitant,Апрепитант
A04AD13,Kasopitant,Касопитант
A04AD14,Rolapitant,Ролапитант
A04AD51,Skopolamin boshqa vositalar bilan majmuada,Скополамин в комбинации со средствами
A04AD54,Xlorobutanol boshqa vositalar bilan majmuada,Хлоробутанол в комбинации со средствами
A05,Jigar va oʻt yoʻllari kasalliklarini davolash uchun preparatlar,Препараты для лечения заболеваний печени и желчевыводящих путей
A05A,Oʻt yoʻllari kasalliklarini davolash uchun preparatlar,Препараты для лечения заболеваний желчевыводящих путей
A05AA,Oʻt kislotasi preparatlari,Препараты желчных кислот
A05AA01,Xenodezoksixol kislotasi,Хенодезоксихолевая кислота
A05AA02,Ursodezoksixol kislotasi,Урсодезоксихолевая кислота
A05AA03,Xolik kislotasi,Холевая кислота
A05AA04,Obetixol kislotasi,Обетихолевая кислота
A05AB,Oʻt yoʻllari kasalliklarini davolash uchun preparatlar,Препараты для лечения заболеваний желчевыводящих путей
A05AB01,Nikotinilmetilamid,Никотинилметиламид
A05AX,Oʻt yoʻllari kasalliklarini davolash uchun preparatlar,Другие препараты для лечения заболеваний желчевыводящих путей
A05AX01,Piprozolin,Пипрозолин
A05AX02,Gimekromon,Гимекромон
A05AX03,Siklobutirol,Циклобутирол
A05B,"Jigar kasalliklarini davolash uchun preparatlar, lipotrop vositalar","Препараты для лечения заболеваний печени, липотропные средства"
A05BA,Jigar kasalliklarini davolash uchun preparatlar,Препараты для лечения заболеваний печени
A05BA01,Arginin-glutamat,Аргинин-глутамат
A05BA03,Silimarin,Силимарин
A05BA04,Sitiolon,Цитиолон
A05BA05,Epomediol,Эпомедиол
A05BA06,Ornitin oksoglurat,Орнитина оксоглурат
A05BA07,Arginin tidiatsik,Аргинина тидиацик
A05BA08,Glitsirrizin kislotasi,Глицирризиновая кислота
A06,Surgi vositalari,Слабительные средства
A06A,Surgi vositalari,Слабительные средства
A06AA,Axlat massasini yumshashtiruvchi preparatlar,"Препараты, размягчающие каловые массы"
A06AA01,Suyuq parafin,Парафин жидкий
A06AA02,Dokuzat natriy,Докузат натрия
A06AA51,Suyuq parafin boshqa vositalar bilan majmuada,Парафин жидкий в комбинации со средствами
A06AB,Kontakt surgi vositalari,Контактные слабительные средства
A06AB01,Asetfenolizatin,Ацетфенолизатин
A06AB02,Bisakodil,Бисакодил
A06AB03,Dantron,Дантрон
A06AB04,Fenolftalein,Фенолфталеин
A06AB05,Kastor yogʻi,Касторовое масло
A06AB06,Sennozidlar A va B,Сеннозиды А И В
A06AB07,Surgi itshumrut mevalari,Крушины слабительной плоды
A06AB08,Natriy pikosulfati,Натрия пикосульфат
A06AB09,Bizoksatin,Бизоксатин
A06AB20,Kontakt surgi preparatlari majmuada,Слабительные контактные препараты в комбинации
A06AB30,Kontakt surgi preparatlari belladdona alkaloidlar bilan majmuada,Слабительные контактные препараты в комбинации с алкалоидами белладонны
A06AB52,Bisakodil boshqa vositalar bilan majmuada,Бисакодил в комбинации со средствами
A06AB53,Dantron boshqa vositalar bilan majmuada,Дантрон в комбинации со средствами
A06AB56,A va B Sennozidlar boshqa vositalar bilan majmuada,Сеннозиды А и В в комбинации со средствами
A06AB57,Surgi itshumrut mevalari boshqa vositalar bilan majmuada,Крушины слабительной плоды в комбинации со средствами
A06AB58,Natriy pikosulfati boshqa vositalar bilan majmuada,Натрия пикосульфат в комбинации со средствами
A06AC,Ichakdagi modda xajmini oshiruvchi surgi vositalari,"Слабительные средства, увеличивающие объем кишечного содержимого"
A06AC01,Isfagula (zubturumning ovalsimon yoki burgasimon urugʻlari),Исфагула (подорожника овального или блошного семена)
A06AC02,Etuloza,Этулоза
A06AC03,Sterkuliya,Стеркулия
A06AC05,Zigʻir urugʻlari,Льна посевного семена
A06AC06,Metilsellyuloza,Метилцеллюлоза
A06AC07,Trititsiy (bugʻdoy klechatkasi),Тритиций (пшеничная клетчатка)
A06AC08,Polikarbofil kalsiy,Поликарбофил кальция
A06AC51,Isfagul boshqa vositalar bilan majmuada,Исфагула в комбинации со средствами
A06AC53,Sterkul boshqa vositalar bilan majmuada,Стеркулия в комбинации со средствами
A06AC55,Zigʻir urugʻlari boshqa vositalar bilan majmuada,Льна посевного семена в комбинации со средствами
A06AG,Huknali surgi vositalari,Слабительные средства в клизмах
A06AG01,Natriy fosfati,Натрия фосфат
A06AG02,Bisakodil,Бисакодил
A06AG03,"Dantron jumladan, boshqa vositalar bilan majmuada","Дантрон, в т.ч. в комбинации со средствами"
A06AG04,Glitserol,Глицерол
A06AG06,Yogʻ,Масло
A06AG07,Sorbitol,Сорбитол
A06AG10,"Dokuzat natriy jumladan, boshqa vositalar bilan majmuada",Докузат натрия в т.ч. в комбинации со средствами
A06AG11,"Lauril sulfati jumladan, boshqa vositalar bilan majmuada",Лаурила сульфат в т.ч. в комбинации со средствами
A06AG20,Majmuaviy surgi preparatlari,Слабительные препараты комбинированные
A06AH,Periferik opioid retseptorlari antagonistlari,Антагонисты периферических опиоидных рецепторов
A06AH01,Metilnaltrekson bromidi,Метилналтрексона бромид
A06AH02,Alvimopan,Алвимопан
A06AH03,Naloksegol,Налоксегол
A06AH04,Nalokson,Налоксон
A06AX,Boshqa surgi vositalari,Другие слабительные средства
A06AX01,Glitserol,Глицерол
A06AX02,Karbonat angidridi gazini hosil qiluvchi preparatlar,Препараты образующие углекислый газ
A06AX03,Lubiproston,Лубипростон
A06AX04,Linaklotid,Линаклотид
A06AX05,Prukaloprid,Прукалоприд
A06AX06,Tegaserod,Тегасерод
A01AD01,Epinefrin,Эпинефрин
A01AD02,Benzidamin,Бензидамин
A01AD05,Asetilsalitsil kislotasi,Ацетилсалициловая кислота
A01AD06,Adrenalon,Адреналон
A01AD07,Amleksanoks,Амлексанокс
A01AD08,Bekaplermin,Бекаплермин
A01AD11,Boshqa preparatlar,Прочие препараты
A06AD01,Magniy karbonati,Магния карбонат
A06AD02,Magniy oksidi,Магния оксид
A06AD03,Magniy peroksidi,Магния пероксид
A06AD04,Magniy sulfati,Магния сульфат
A06AD10,Mineral tuzlar majmuada,Минеральные соли в комбинации
A06AD11,Laktuloza,Лактулоза
A06AD12,Laktitol,Лактитол
A06AD13,Natriy sulfati,Натрия сульфат
A06AD14,Pentaeritritil tetranitrati,Пентаэритритила тетранитрат
A06AD15,Makrogol,Макрогол
A06AD16,Mannitol,Маннитол
A06AD17,Natriy fosfati,Натрия фосфат
A06AD18,Sorbitol,Сорбитол
A06AD19,Magniy sitrati,Магния цитрат
A06AD21,Natriy tartrati,Натрия тартрат
A06AD61,Laktuloza boshqa vositalar bilan majmuada,Лактулоза в комбинации со средствами
A06AD65,Makrogol boshqa vositalar bilan majmuada,Макрогол в комбинации со средствами
A07AA,Antibiotiklar,Антибиотики
A07AA01,Neomitsin,Неомицин
A07AA02,Nistatin,Нистатин
A07AA03,Natamitsin,Натамицин
A07AA04,Streptomitsin,Стрептомицин
A07AA05,Polimiksin B,Полимиксин B
A07AA06,Paromomitsin,Паромомицин
A07AA07,Amfoteritsin B,Амфотерицин B
A07AA08,Kanamitsin,Канамицин
A07AA09,Vankomitsin,Ванкомицин
A07AA10,Kolistin,Колистин
A07AA11,Rifaksimin,Рифаксимин
A07AA12,Fidaksomitsin,Фидаксомицин
A07AA51,Neomitsin boshqa vositalar bilan majmuada,Неомицин в комбинации со средствами
A07AA54,Streptomitsin boshqa vositalar bilan majmuada,Стрептомицин в комбинации со средствами
A07AB,Sulfanilamidlar,Сульфаниламиды
A07AB02,Ftalilsulfatiazol,Фталилсульфатиазол
A07AB03,Sulfaguanidin,Сульфагуанидин
A07AB04,Suksinilsulfatiazol,Сукцинилсульфатиазол
A07AC,Imidazol hosilalari,Производные имидазола
A07AC01,Mikonazol,Миконазол
A07AX,Boshqa ichakda taʼsir etuvchi mikroblarga qarshi preparatlar,Другие кишечные противомикробные препараты
A07AX01,Broksixinolin,Броксихинолин
A07AX02,Asetarsol,Ацетарсол
A07AX03,Nifuroksazid,Нифуроксазид
A07AX04,Nifurzid,Нифурзид
A07BA,Koʻmir preparatlari,Препараты угля
A07BA01,Faollashtirilgan koʻmir,Активированный уголь
A07BA51,Faollashtirilgan koʻmir boshqa vositalar bilan majmuada,Активированный уголь в комбинации со средствами
A07BC,Boshqa ichak adsorbentlari,Другие кишечные адсорбенты
A07BC01,Pektin,Пектин
A07BC02,Kaolin,Каолин
A07BC03,Krospovidon,Кросповидон
A07BC04,Attapulgit,Аттапулгит
A07BC05,Diosmektit,Диосмектит
A07BC30,Ichakda adsorbsiya qiluvchi preparatlar majmuada,Адсорбирующие кишечные препараты в комбинации
A07BC54,Attapulgit boshqa vositalar bilan majmuada,Аттапулгит в комбинации со средствами
A07CA,Og'iz orqali regidratatsiya tuzi preparatlari,Регидрататирующие солевые препараты для перорального приема
A07DA,Meʼda - ichak yoʻllari motorikasini pasaytiruvchi preparatlar,"Препараты, снижающие моторику желудочно-кишечного тракта"
A07DA01,Difenoksilat,Дифеноксилат
A07DA02,Opiy,Опий
A07DA03,Loperamid,Лоперамид
A07DA04,Difenoksin,Дифеноксин
A07DA05,Loperamid oksidi,Лоперамида оксид
A07DA06,Eluksadolin,Элуксадолин
A07DA52,Morfin boshqa vositalar bilan majmuada,Морфин в комбинации со средствами
A07DA53,Loperamid boshqa vositalar bilan majmuada,Лоперамид в комбинации со средствами
A07EA,Mahalliy qoʻllash uchun kortikosteroidlar,Кортикостероиды для местного применения
A07EA01,Prednizolon,Преднизолон
A07EA02,Gidrokortizon,Гидрокортизон
A07EA03,Prednizon,Преднизон
A07EA04,Betametazon,Бетаметазон
A07EA05,Tiksokortol,Тиксокортол
A07EA06,Budesonid,Будесонид
A07EA07,Beklometazon,Беклометазон
A07EB,"Allergiyaga qarshi preparatlar, kortikosteroidlardan tashqari","Противоаллергические препараты, кроме кортикостероидов"
A07EB01,Kromoglitsiyev kislotasi,Кромоглициевая кислота
A07EC,Aminosalitsil kislotasi va unga oʻxshash preparatlar,Аминосалициловая кислота и аналогичные препараты
A07EC01,Sulfasalazin,Сульфасалазин
A07EC02,Mesalazin,Месалазин
A07EC03,Olsalazin,Олсалазин
A07EC04,Balsalazid,Балсалазид
A07FA,Diareyaga qarshi mikroorganizmlar,Противодиарейные микроорганизмы
A07FA01,Sut kislotasini ishlab chiqaruvchi mikroorganizmlar,Микроорганизмы продуцирующие молочную кислоту
A07FA02,Saxaromitsetlar boulardii,Сахаромицеты boulardii
A07FA51,Sut kislotasini ishlab chiqaruvchi mikroorganizmlar boshqa vositalar bilan majmuada,"Микроорганизмы, продуцирующие молочную кислоту в комбинации со средствами"
A07XA,Boshqa diareyaga qarshi preparatlar,Другие противодиарейные препараты
A07XA01,Albumin tannat,Альбумин таннати
A07XA02,Seratoniy,Цератония
A07XA03,Kalsiy preparatlari,Кальция препараты
A07XA04,Asetorfan,Ацеторфан
A07XA51,Albumin tannati boshqa vositalar bilan majmuada,Альбумин таннат в комбинации со средствами
A08AA,Semizlikni davolash uchun markaziy taʼsirga ega preparatlar,Препараты центрального действия для лечения ожирения
A08AA01,Fentermin,Фентермин
A08AA02,Fenfluramin,Фенфлурамин
A08AA03,Amfepramon,Амфепрамон
A08AA04,Deksfenfluramin,Дексфенфлурамин
A08AA05,Mazindol,Мазиндол
A08AA06,Etilamfetamin,Этиламфетамин
A08AA07,Katin,Катин
A08AA08,Klobenzoreks,Клобензорекс
A08AA09,Mefenoreks,Мефенорекс
A08AA10,Sibutramin,Сибутрамин
A08AA11,Lorkaserin,Лоркасерин
A08AA56,Efedrin boshqa vositalar bilan majmuada,Эфедрин в комбинации со средствами
A08AA62,Bupropion va naltrekson,Бупропион и налтрексон
A08AB,Semizlikni davolash uchun perefirik taʼsirga ega preparatlar,Препараты периферического действия для лечения ожирения
A08AB01,Orlistat,Орлистат
A08AX01,Rimonabant,Римонабант
A08AX,Semizlikni davolash uchun boshqa preparatlar,Другие препараты для лечения ожирения
A09AA,Ferment preparatlari,Ферментные препараты
A09AA01,Diastaza,Диастаза
A09AA02,"Poliferment preparatlar(lipaza, proteaza va boshq.)","Полиферментные препараты (липаза, протеаза и т.д.)"
A09AA03,Pepsin,Пепсин
A09AA04,Tilaktaza,Тилактаза
A09AB,Kislota preparatlari,Препараты кислот
A09AB01,Glutamin kislota gidroxloridi,Глутаминовой кислоты гидрохлорид
A09AB02,Betain,Бетаин
A09AB03,Xlorid kislotasi,Хлористоводородная кислота
A09AB04,Limon kislotasi,Лимонная кислота
A09AC,Fermentlar va kislotalarning majmuaviy preparatlari,Комбинированные препараты ферментов и кислот
A09AC01,Pepsin va kislota saqlovchi preparatlar,Пепсин и кислотосодержащие препараты
A09AC02,Poliferment preparatlar va kislota saqlovchi preparatlar majmuada,Полиферментные препараты и кислотосодержащие препараты в комбинации
A10AB,Inyeksion yuborish uchun qisqa taʼsir etuvchi insulinlar va ularning analoglari,Инсулины короткого действия и их аналоги для инъекционного введения
A10AB01,Insulin (odam),Инсулин (человеческий)
A10AB02,Insulin (molniki),Инсулин (говяжий)
A10AB03,Insulin (choʻchqa),Инсулин (свиной)
A10AB04,Insulin lizpro,Инсулин лизпро
A10AB05,Insulin aspart,Инсулин аспарт
A10AB06,Insulin glulizin,Инсулин глулизин
A10AB30,Tez taʼsir etuvchi insulinlar va ularning analoglari majmuada,Инсулины быстрого действия и их аналоги в комбинации
A10AC,Inyeksion yuborish uchun oʻrtacha taʼsir davomiyligiga ega insulinlar va ularning analoglari,Инсулины средней продолжительности действия и их аналоги для инъекционного введения
A10AC01,Insulin (odam),Инсулин (человеческий)
A10AC02,Insulin (molniki),Инсулин (говяжий)
A10AC03,Insulin (choʻchqa),Инсулин (свиной)
A10AC04,Insulin lizpro,Инсулин лизпро
A10AC30,Oʻrtacha taʼsir davomiyligiga ega insulinlar va ularning analoglari majmuada,Инсулины средней продолжительности действия и их аналоги в комбинации
A10AD,Inyeksion yuborish uchun oʻrtacha taʼsir davomiyligiga ega yoki uzoq taʼsir etuvchi insulinlar va ularning analoglari qisqa taʼsir etuvchi insulinlar bilan majmuada,Инсулины средней продолжительности действия или длительного действия и их аналоги в комбинации с инсулинами короткого действия для инъекционного введения
A10AD01,Insulin (odam),Инсулин (человеческий)
A10AD02,Insulin (molniki),Инсулин (говяжий)
A10AD03,Insulin (choʻchqa),Инсулин (свиной)
A10AD04,Insulin lizpro,Инсулин лизпро
A10AD05,Insulin aspart,Инсулин аспарт
A10AD06,Insulin degludek va insulin aspart,Инсулин деглудек и инсулин аспарт
A10AD30,Majmuaviy preparatlar,Комбинированные препараты
A10AE,Inyeksion yuborish uchun uzoq taʼsir etuvchi insulinlar va ularning analoglari,Инсулины длительного действия и их аналоги для инъекционного введения
A10AE01,Insulin (odam),Инсулин (человеческий)
A10AE02,Insulin (molniki),Инсулин (говяжий)
A10AE03,Insulin (choʻchqa),Инсулин (свиной)
A10AE04,Insulin glargin,Инсулин гларгин
A10AE05,Insulin detemir,Инсулин детемир
A10AE06,Insulin degludek,Инсулин деглудек
A10AE30,Uzoq taʼsir etuvchi insulinlar va ularning analoglari majmuada,Инсулины длительного действия и их аналоги в комбинации
A10AE56,Insulin degludek va liraglutid,Инсулин деглудек и лираглутид
A10AF,Ingalyatsiya uchun insulinlar va ularning analoglari,Инсулины и их аналоги для ингаляций
A10AF01,Insulin (odam),Инсулин (человеческий)
A10BA,Biguanidlar,Бигуаниды
A10BA01,Fenformin,Фенформин
A10BA02,Metformin,Метформин
A10BA03,Buformin,Буформин
A10BB,Sulfonilmochevina hosilalari,Производные сульфонилмочевины
A10BB02,Xlorpropamid,Хлорпропамид
A10BB03,Tolbutamid,Толбутамид
A10BB04,Glibornurid,Глиборнурид
A10BB05,Tolazamid,Толазамид
A10BB06,Karbutamid,Карбутамид
A10BB07,Glipizid,Глипизид
A10BB08,Glikvidon,Гликвидон
A10BB09,Gliklazid,Гликлазид
A10BB10,Metageksamid,Метагексамид
A10BB11,Glizoksepid,Глизоксепид
A10BB12,Glimepirid,Глимепирид
A10BB31,Asetogeksamid,Ацетогексамид
A10BC,Geterotsiklik sulfonamidlar,Гетероциклические сульфонамиды
A10BC01,Glimidin,Глимидин
A10BD,Peroral gipoglikemik vositalarni majmuaviy preparatlari,Комбинированные препараты пероральных гипогликемических средств
A10BD01,Fenformin va sulfonamidlar,Фенформин и сульфонамиды
A10BD02,Metformin va sulfonamidlar,Метформин и сульфонамиды
A10BD03,Metformin va rosiglitazon,Метформин и росиглитазон
A10BD04,Glimepirid va rosiglitazon,Глимепирид и росиглитазон
A10BD05,Metformin va pioglitazon,Метформин и пиоглитазон
A10BD06,Glimepirid va pioglitazon,Глимепирид и пиоглитазон
A10BD07,Metformin va sitagliptin,Метформин и ситаглиптин
A10BD08,Vildagliptin va metformin,Вилдаглиптин и метформин
A10BD09,Alogliptin va pioglitazon,Алоглиптин и пиоглитазон
A10BD10,Metformin va saksagliptin,Метформин и саксаглиптин
A10BD11,Linagliptin va metformin,Линаглиптин и метформин
A10BD12,Pioglitazon va sitagliptin,Пиоглитазон и ситаглиптин
A10BD13,Alogliptin va metformin,Алоглиптин и метформин
A10BD14,Metformin va repaglinid,Метформин и репаглинид
A10BD15,Metformin va dapagliflozin,Метформин и дапаглифлозин
A10BD16,Metformin va kanagliflozin,Метформин и канаглифлозин
A10BD17,Metformin va akarboza,Метформин и акарбоза
A10BD18,Metformin va gemigliptin,Метформин и гемиглиптин
A10BD19,Linagliptin va empagliflozin,Линаглиптин и эмпаглифлозин
A10BD20,Metformin va empagliflozin,Метформин и эмпаглифлозин
A10BD21,Saksagliptin va dapagliflozin,Саксаглиптин и дапаглифлозин
A10BF,Alfa-glyukozidaza ingibitorlari,Ингибиторы альфа-глюкозидазы
A10BF01,Akarboza,Акарбоза
A10BF02,Miglitol,Миглитол
A10BF03,Vogliboza,Воглибоза
A10BG,Tiazolidindionlar,Тиазолидиндионы
A10BG01,Troglitazon,Троглитазон
A10BG02,Rosiglitazon,Росиглитазон
A10BG03,Pioglitazon,Пиоглитазон
A10BH,4 (dpp-4)-dipeptidilpeptidaza ingibitorlari,Ингибиторы дипептидилпептидазы-4 (дпп-4)
A10BH01,Sitagliptin,Ситаглиптин
A10BH02,Vildagliptin,Вилдаглиптин
A10BH03,Saksagliptin,Саксаглиптин
A10BH04,Alogliptin,Алоглиптин
A10BH05,Linagliptin,Линаглиптин
A10BH06,Gemigliptin,Гемиглиптин
A10BH51,Simvastatin va sitagliptin,Симвастатин и ситаглиптин
A10BJ,1 (goʻp-1)-glyukagonga oʻxshash peptid analoglari,Аналоги глюкагоноподобного пептида-1 (гпп-1)
A10BJ01,Eksenatid,Эксенатид
A10BJ02,Liraglutid,Лираглутид
A10BJ03,Liksenatid,Ликсенатид
A10BJ04,Albiglutid,Альбиглутид
A10BJ05,Dulaglutid,Дулаглутид
A10BK,Natriyga bogʻliq 2-tur glyukoza tashuvchilari ingibitorlari,Ингибиторы натрийзависимого переносчика глюкозы 2-го типа
A10BK01,Dapagliflozin,Дапаглифлозин
A10BK02,Kanagliflozin,Канаглифлозин
A10BK03,Empagliflozin,Эмпаглифлозин
A10BX,"Insulindan tashqari, boshqa gipoglikemik preparatlar","Другие гипогликемические препараты, кроме инсулинов"
A10BX01,Guarov qatroni,Гуаровая смола
A10BX02,Repaglinid,Репаглинид
A10BX03,Nateglinid,Натеглинид
A10BX04,Eksenatid,Эксенатид
A10BX05,Pramlintid,Прамлинтид
A10BX06,Benfluoreks,Бенфлуорекс
A10BX08,Mitiglinid,Митиглинид
A10XA,Aldozoreduktaza ingibitorlari,Ингибиторы альдозоредуктазы
A10XA01,Tolrestat,Толрестат
A11AA,Polivitaminlar mineral vositalar bilan majmuada,Поливитамины в комбинации с минеральными веществами
A11AA01,Polivitaminlar va temir,Поливитамины и железо
A11AA02,Polivitaminlar va temir,Поливитамины и кальций
A11AA03,Polivitaminlar boshqa minerallar bilan majmuada (jumladan poliminerallar),Поливитамины в комбинации с другими минералами (включая полиминералы)
A11AA04,Polivitaminlar boshqa mikroelementlar bilan majmuada,Поливитамины в комбинации с микроэлементами
A11BA,Polivitaminlar,Поливитамины
A11BA03,Polivitaminlar,Поливитамины
A11CA,Vitamin A,Витамин А
A11CA01,Retinol,Ретинол
A11CA02,Betakaroten,Бетакаротен
A11CC,Vitamin D va uning analoglari,Витамин D и его аналоги
A11CC01,Ergokalsiferol,Эргокальциферол
A11CC02,Digidrotaxisterol,Дигидротахистерол
A11CC03,Alfakalsidol,Альфакальцидол
A11CC04,Kalsitriol,Кальцитриол
A11CC05,Kolekalsiferol,Колекальциферол
A11CC06,Kalsifediol,Кальцифедиол
A11CC20,Vitaminы D majmuada,Витамины D в комбинации
A11DA,Vitamin B1,Витамин В1
A11DA01,Tiamin,Тиамин
A11DA02,Sulbutiamin,Сульбутиамин
A11DA03,Benfotiamin,Бенфотиамин
A11DB,Vitamin B1 Vitamin B6 va/yoki Vitamin B12 bilan majmuada,Витамин B1 в комбинации с витамином B6 и/или витамином B12
A11EA,B gurux vitaminlari,Витамины группы B
A11EB,Vitamin B guruxlari askorbin kislotasi bilan majmuada,Витамины группы B в комбинации с аскорбиновой кислотой
A11EC,B Vitaminlari minerallar bilan majmuada,Витамины группы B в комбинации с минеральными веществами
A11ED,B Vitaminlari anabolik steroid preparatlari bilan majmuada,Витамины группы B в комбинации с анаболическими стероидными препаратами
A11EX,B Vitaminlari boshqa preparatlar bilan majmuada,Витамины группы B в комбинации с другими препаратами
A11GA,Askorbin kislotasi (vitamin C),Аскорбиновая кислота (витамин С)
A11GA01,Askorbin kislotasi,Аскорбиновая кислота
A11GB,"Askorbin kislotasi (vitamin C), boshqa vositalar bilan majmuada",Аскорбиновая кислота (витамин С) в комбинации со средствами
A11GB01,Askorbin kislotasi kalsiy bilan majmuada,Аскорбиновая кислота в комбинации с кальцием
A11HA,Boshqa vitamin preparatlari,Другие витаминные препараты
A11HA01,Nikotinamid,Никотинамид
A11HA02,Piridoksin,Пиридоксин
A11HA03,Vitamin E,Витамин Е
A11HA04,Riboflavin,Рибофлавин
A11HA05,Biotin,Биотин
A11HA06,Piridoksal fosfati,Пиридоксаль фосфат
A11HA07,Inozitol,Инозитол
A11HA08,Tokofersolan,Токоферсолан
A11HA30,Dekspantenol,Декспантенол
A11HA31,Kalsiy pantotenat,Кальция пантотенат
A11HA32,Pantetin,Пантетин
A12AA,Kalsiy preparatlari,Препараты кальция
A12AA01,Kalsiy fosfati,Кальция фосфат
A12AA02,Kalsiy glubionati,Кальция глубионат
A12AA03,Kalsiy glyukonati,Кальция глюконат
A12AA04,Kalsiy karbonati,Кальция карбонат
A12AA05,Kalsiy laktati,Кальция лактат
A12AA06,Kalsiy laktat glyukonati,Кальция лактат глюконат
A12AA07,Kalsiy xloridi,Кальция хлорид
A12AA08,Kalsiy glitserofosfati,Кальция глицерофосфат
A12AA09,Kalsiya sitrat-lizin majmuasi,Кальция цитрат-лизиновый комплекс
A12AA10,Kalsiy glyukogeptonati,Кальция глюкогептонат
A12AA11,Kalsiy pangamati,Кальция пангамат
A12AA13,Kalsiy sitrati,Цитрат кальция
A12AA20,Majmuaviy kalsiy preparatlari,Кальция препараты в комбинации
A12AA30,Kalsiy levulati,Кальция левулат
A12BA,Kaliy preparatlari,Препараты калия
A12BA01,Kaliy xloridi,Калия хлорид
A12BA02,Kaliy sitrati,Калия цитрат
A12BA03,Kaliy gidrotartrati,Калия гидротартрат
A12BA04,Kaliy gidrokarbonati,Калия гидрокарбонат
A12BA05,Kaliy glyukonati,Калия глюконат
A12BA30,Majmuaviy kaliy preparatlari,Препараты калия в комбинации
A12BA51,Kaliy xloridi vositalar bilan majmuada,Калия хлорид в комбинации со средствами
A12CA,Natriy preparatlari,Препараты натрия
A12CA01,Natriy xloridi,Натрия хлорид
A12CA02,Natriy sulfati,Натрия сульфат
A12CB,Sink preparatlari,Препараты цинка
A12CB01,Sink sulfati,Цинка сульфат
A12CB02,Sink glyukonati,Цинка глюконат
A12CB03,Sink-protein majmuasi,Цинко-протеинный комплекс
A12CC,Magniy preparatlari,Препараты магния
A12CC01,Magniy xloridi,Магния хлорид
A12CC02,Magniy sulfati,Магния сульфат
A12CC03,Magniy glyukonati,Магния глюконат
A12CC04,Magniy sitrati,Магния цитрат
A12CC05,Magniy asparaginati,Магния аспарагинат
A12CC06,Magniy laktati,Магния лактат
A12CC07,Magniy levulinati,Магния левулинат
A12CC08,Magniy pidolati,Магния пидолат
A12CC09,Magniy orotati,Магния оротат
A12CC10,Magniy oksidi,Магния оксид
A12CC30,Majmuaviy magniy preparatlari,Препараты магния в комбинации
A12CD,Ftor preparatlari,Препараты фтора
A12CD01,Natriy ftoridi,Натрия фторид
A12CD02,Natriy monoftorfosfati,Натрия монофторфосфат
A12CD51,Majmuaviy ftor preparatlari,Препараты фтора в комбинации
A12CE,Selen preparatlari,Препараты селена
A12CE01,Natriy selenati,Натрия селенат
A12CE02,Natriy seleniti,Натрия селенит
A14AA,Androstan hosilalari,Производные андростана
A14AA01,Androstanolon,Андростанолон
A14AA02,Stanozolol,Станозолол
A14AA03,Metandiyenon,Метандиенон
A14AA04,Metenolon,Метенолон
A14AA05,Oksimetolon,Оксиметолон
A14AA06,Xinbolon,Хинболон
A14AA07,Prasteron,Прастерон
A14AA08,Oksandrolon,Оксандролон
A14AA09,Noretandrolon,Норэтандролон
A14AB,Estren hosilalari,Производные эстрена
A14AB01,Nandrolon,Нандролон
A14AB02,Etilestrenol,Этилэстренол
A14AB03,Oksabolona sipionati,Оксаболона ципионат
A16AA,Aminokislotalar va ularning hosilalari,Аминокислоты и их производные
A16AA01,Levokarnitin,Левокарнитин
A16AA02,Ademetionin,Адеметионин
A16AA03,Glutamin,Глутамин
A16AA04,Merkaptamin,Меркаптамин
A16AA05,Kargluman kislotasi,Карглумановая кислота
A16AA06,Betain,Бетаин
A16AB,Ferment preparatlari,Ферментные препараты
A16AB01,Alglyutseraza,Алглюцераза
A16AB02,Imiglyutseraza,Имиглюцераза
A16AB03,Agalzidaza alfa,Агалзидаза альфа
A16AB04,Agalzidaza beta,Агалзидаза бета
A16AB05,Laronidaza,Ларонидаза
A16AB06,Sakrozidaza,Сакрозидаза
A16AB07,Alglyukozidaza alfa,Алглюкозидаза альфа
A16AB08,Galsulfaza,Галсульфаза
A16AB09,Idursulfaza,Идурсульфаза
A16AB10,Velaglyutseraza alfa,Велаглюцераза альфа
A16AB11,Taliglyutseraza alfa,Талиглюцераза альфа
A16AB12,Elosulfaza alfa,Элосульфаза альфа
A16AB13,Astofaza alfa,Астофаза альфа
A16AB14,Sebelipaza alfa,Себелипаза альфа
A16AB15,Velmanaza alfa,Велманаза альфа
A16AB16,Idursulfaza beta,Идурсульфаза бета
A16AB17,Serliponaza alfa,Церлипоназа альфа
A16AB18,Vestronidaza alfa,Вестронидаза альфа
A16AB19,Pegvaliaza,Пэгвалиаза
A16AB20,Pegunigalzidaza alfa,Пэгунигалзидаза альфа
A16AB21,Atidarsagen autotemsel,Атидарсаген аутотемцел
A16AB22,Avalglyukozidaza alfa,Авалглюкозидаза альфа
A16AB25,Olipudaza alfa,Олипудаза альфа
A16AB26,Eladokagen eksuparvov,Эладокаген эксупарвов
A16AB27,Pabinafusp alfa,Пабинафусп альфа
A16AX,Meʼda - ichak yoʻllari kasalliklarini va moddalar almashinuvi buzilishini davolash uchun boshqa preparatlar,Прочие препараты для лечения заболеваний желудочно-кишечного тракта и нарушений обмена веществ
A16AX01,Tioktat kislotasi,Тиоктовая кислота
A16AX02,Anetol trition,Анетола тритион
A16AX03,Natriy fenilbutirati,Натрия фенилбутират
A16AX04,Nitizinon,Нитизинон
A16AX05,Sink atsetati,Цинка ацетат
A16AX06,Miglustat,Миглустат
A16AX07,Sapropterin,Сапроптерин
A16AX08,Teduglutid,Тедуглутид
A16AX09,Glitserolfenilbutirat,Глицеролфенилбутират
A16AX10,Eliglustat,Элиглустат
A16AX11,Benzoat natriy,Бензоат натрия
A16AX12,Triyentin,Триентин
A16AX13,Uridin triatsetati,Уридина триацетат
A16AX14,Мигаластат,Migalastat
A16AX15,Телотристат,Telotristat
A16AX16,Гивосиран,Givosiran
A16AX17,Тригептаноин,Trigeptanoin
A16AX18,Лумасиран,Lumasiran
A16AX19,Фосденоптерин,Fosdenopterin
A16AX20,Лонафарниб,Lonafarnib
A16AX23,Лериглитазон,Leriglitazon
A16AX24,Говорестат,Govorestat
A16AX25,Недосиран,Siran ostida
A16AX30,Натрия бензоат и натрия фенилацетат,Natriy benzoat va natriy fenilatsetat
B01AA,Vitamin K antogonistlari,Антагонисты витамина К
B01AA01,Dikumarol,Дикумарол
B01AA02,Fenindion,Фениндион
B01AA03,Varfarin,Варфарин
B01AA04,Fenprokumon,Фенпрокумон
B01AA07,Asenokumarol,Аценокумарол
B01AA08,Etil biskumatsetati,Этил бискумацетат
B01AA09,Klorindion,Клориндион
B01AA10,Difenadion,Дифенадион
B01AA11,Tioklomarol,Тиокломарол
B01AA12,Fluindion,Флуиндион
B01AB,Geparin guruhi,Гепарина группа
B01AB01,Geparin natriy,Гепарин натрия
B01AB02,Antitrombin III,Антитромбин III
B01AB04,Dalteparin natriy,Далтепарин натрия
B01AB05,Enoksaparin natriy,Эноксапарин натрия
B01AB06,Nadroparin kalsiy,Надропарин кальция
B01AB07,Parnaparin natriy,Парнапарин натрия
B01AB08,Reviparin natriy,Ревипарин натрия
B01AB09,Danaparoid,Данапароид
B01AB10,Tinzaparin natriy,Тинзапарин натрия
B01AB11,Sulodeksid,Сулодексид
B01AB12,Bemiparin natriy,Бемипарин натрия
B01AB51,Geparin natriy boshqa vositalar bilan majmuada,Гепарин натрия в комбинации со средствами
B01AC,Geparindan tashqari antiagregantlar,Антиагреганты кроме гепарина
B01AC01,Ditazol,Дитазол
B01AC02,Klorikromen,Клорикромен
B01AC03,Pikotamid,Пикотамид
B01AC04,Klopidogrel,Клопидогрел
B01AC05,Tiklopidin,Тиклопидин
B01AC06,Asetilsalitsil kislotasi,Ацетилсалициловая кислота
B01AC07,Dipiridamol,Дипиридамол
B01AC08,Karbasalat kalsiy,Карбасалат кальция
B01AC09,Epoprostenol,Эпопростенол
B01AC10,Indobufen,Индобуфен
B01AC11,Iloprost,Илопрост
B01AC13,Absiksimab,Абциксимаб
B01AD,Ferment preparatlari,Ферментные препараты
B01AD01,Streptokinaza,Стрептокиназа
B01AD02,Alteplaza,Алтеплаза
B01AD03,Anistreplaza,Анистреплаза
B01AD04,Urokinaza,Урокиназа
B01AD05,Fibrinolizin,Фибринолизин
B01AD06,Brinaza,Бриназа
B01AD07,Reteplaza,Ретеплаза
B01AD08,Saruplaza,Саруплаза
B01AD09,Ankrod,Анкрод
B01AD10,Drotrekogin alfa (faollashtirilgan),Дротрекогин альфа (активированный)
B01AD11,Tenekteplaza,Тенектеплаза
B01AD12,Protein C,Протеин C
B01AD13,Apadamtaza alfa va sinaksadamtaza alfa,Ападамтаза альфа и цинаксадамтаза альфа
B01AE,Toʻgʻri trombin ingibitorlari,Ингибиторы тромбина прямые
B01AE01,Dezirudin,Дезирудин
B01AE02,Lepirudin,Лепирудин
B01AE03,Argatroban,Аргатробан
B01AE04,Melagatran,Мелагатран
B01AE05,Ksimelagatran,Ксимелагатран
B01AE06,Bivalirudin,Бивалирудин
B01AE07,Dabigatran eteksilati,Дабигатрана этексилат
B01AF,Toʻgʻri Xa faktori ingibitorlari,Прямые ингибиторы фактора Хa
B01AF01,Rivaroksaban,Ривароксабан
B01AF02,Apiksaban,Апиксабан
B01AF03,Edoksaban,Эдоксабан
B01AF04,Edoksaban,Betriksaban
B01AF51,Edoksaban,Rivaroksaban va atsetilsalitsil kislotasi
B01AX,Boshqa antitrombotik vositalar,Другие антитромботические средства
B01AX01,Defibrotid,Дефибротид
B01AX04,Dermatan sulfati,Дерматан сульфат
B01AX05,Fondaparinuks natriy,Фондапаринукс натрия
B01AX07,Kaplatsizumab,Каплацизумаб
B02AA,Aminokislotalar,Аминокислоты
B02AA01,Aminokapron kislotasi,Аминокапроновая кислота
B02AA02,Traneksam kislotasi,Транексамовая кислота
B02AA03,Aminometilbenzoy kislotasi,Аминометилбензойная кислота
B02AB,Plazma proteinazalari ingibitorlari,Ингибиторы протеиназ плазмы
B02AB01,Aprotinin,Апротинин
B02AB02,Alfa1-antitripsin,Альфа1-антитрипсин
B02AB04,Kamostat,Камостат
B02AB05,Ulinastatin,Улинастатин
B02BA,Vitamin K,Витамин К
B02BA01,Fitomenadion,Фитоменадион
B02BA02,Menadion,Менадион
B02BB,Fibrinogen,Фибриноген
B02BB01,Odam fibronogeni,Фибриноген человеческий
B02BC,Mahalliy qoʻllash uchun gemostatik vositalar,Гемостатические средства для местного применения
B02BC01,Soʻriladigan jelatin gubkasi,Желатиновая губка абсорбирующая
B02BC02,Oksidlangan sellyuloza,Целлюлоза окисленная
B02BC03,Tetragalakturon kislotalar gidroksimetilefir,Тетрагалактуроновой кислоты гидроксиметилэфир
B02BC05,Adrenalon,Адреналон
B02BC06,Trombin,Тромбин
B02BC07,Kollagen,Коллаген
B02BC08,Kalsiy alginati,Кальция альгинат
B02BC09,Epinefrin,Эпинефрин
B02BC30,Mahalliy gemostatiklar,Гемостатики местные в комбинации
B02BD,Qon ivish faktorlari,Факторы свертывания крови
B02BD01,"II, VII, IX va X qon ivish faktori majmuada","Фактор свертывания крови II, VII, IX и X в комбинации"
B02BD02,VIII qon ivish faktori,Фактор свертывания крови VIII
B02BD03,VIII qon ivish faktorini buzuvchi ingibitorlari,Фактора свертывания крови VIII разрушения ингибиторы
B02BD04,IX qon ivish faktori,Фактор свертывания крови IX
B02BD05,VIII qon ivish faktori,Фактор свертывания крови VIII
B02BD06,Villebrand faktori va VIII qon ivish faktori,Фактор виллебранда и фактор свертывания крови VIII
B02BD07,XIII qon ivish faktori,Фактор свертывания крови XIII
B02BD08,Eptakog alfa (faollashtirilgan),Эптаког альфа (активированный)
B02BD10,Villebrand faktori,Фактор виллебранда
B02BD11,Katridekakog,Катридекаког
B02BD13,X koagulyatsiya faktori,Фактор коагуляции Х
B02BD14,Suzoktokog alfa,Сузоктоког альфа
B02BD15,Roksaparvovec valoktokogen,Валоктокоген роксапарвовек
B02BD16,Etranakogen dezaparvov,Этранакоген дезапарвов
B02BD17,Fidanakogen elaparvovek,Фиданакоген элапарвовек
B02BD30,Trombin,Тромбин
B02BX,Tizimli taʼsirga ega boshqa gemostatik vositalar,Другие гемостатические средства системного действия
B02BX01,Etamzilat,Этамзилат
B02BX02,Karbazoxrom,Карбазохром
B02BX03,Batroksobin,Батроксобин
B02BX04,Romiplostim,Ромиплостим
B02BX05,Eltrombopag,Элтромбопаг
B02BX06,Emitsizumab,Эмицизумаб
B02BX07,Lusutrombopag,Лусутромбопаг
B02BX08,Avatrombopag,Аватромбопаг
B02BX09,Fostamatinib,Фостаматиниб
B02BX10,Konsizumab,Концизумаб
B02BX11,Marstasimab,Марстацимаб
B03AA,Ikki valentli peroral temir preparatlari,Пероральные препараты двухвалентного железа
B03AA01,Temir glitsin sulfati,Железа глицин сульфат
B03AA02,Temir fumarat,Железа фумарат
B03AA03,Temir glyukonati,Железа глюконат
B03AA04,Temir karbonati,Железа карбонат
B03AA05,Temir xloridi,Железа хлорид
B03AA06,Temir suksinati,Железа сукцинат
B03AA07,Temir sulfati,Железа сульфат
B03AA08,Temir tartrati,Железа тартрат
B03AA09,Temir aspartati,Железа аспартат
B03AA10,Temir askorbati,Железа аскорбат
B03AA11,Temir yodidi,Железа йодид
B03AA12,Temir natriy sitrati,Железа натрия цитрат
B03AB,Uch valentli peroral temir preparatlari,Пероральные препараты трехвалентного железа
B03AB01,Temir natriy sitrati,Железа натрия цитрат
B03AB02,Temir oksid saxarati,Железа оксид сахарат
B03AB03,Natriy feredetati,Натрия фередетат
B03AB04,Temir gidroksidi,Железа гидроксид
B03AB05,Temir (III) gidroksid polimaltozati,Железа (III) гидроксид полимальтозат
B03AB07,Xondroitin sulfat temir bilan majmuada,Хондроитина сульфата комплекс с железом
B03AB08,Temir atsetiltransferrin,Железа ацетилтрансферрин
B03AB09,Temir proteinsuksinilat,Железа протеинсукцинилат
B03AB10,Temir maltol,Железа мальтол
B03AC,Uch valentli parenteral temir preparatlari,Парентеральные препараты трехвалентного железа
B03AC01,Dektriferron,Декстриферрон
B03AC02,Temir oksidi saxarati,Железа оксида сахарат
B03AC03,Temir [III] gidroksid dekstran,Железа [III] гидроксид декстран
B03AD,Temir preparatlari folat kislotasi bilan majmuada,Препараты железа в комбинации с фолиевой кислотой
B03AD01,Temir preparatlari aminokislotalar bilan majmuada,Препараты железа в комплексе с аминокислотами
B03AD02,Temir fumorati folat kislota bilan majmuada,Железа фумарат в комбинации с фолиевой кислотой
B03AD03,Temir glyukonat boshqa preparatlar bilan majmuada,Железа глюконат в комбинации с другими препаратами
B03AD04,Dekstriferron,Декстриферрон
B03AD05,Dekstriferron,Железа сульфат в комбинации с фолиевой кислотой
B03AE,Temir preparatlari folat kislotasi bilan majmuada,Препараты железа в комбинации со средствами
B03AE01,Temir preparatlari vitamin B12 va folat kislotasi bilan majmuada,Железа препараты в комбинации с витамином B12 и фолиевой кислотой
B03AE02,Temir preparatlari polivitaminlar va folat kislotasi bilan majmuada,Железа препараты в комбинации с поливитаминами и фолиевой кислотой
B03AE03,Temir preparatlari polivitaminlar bilan majmuada,Железа препараты в комбинации с поливитаминами
B03AE04,Temir preparatlari polivitaminlar va mineral saqlovchi preparatlar bilan majmuada,Железа препараты в комбинации с поливитаминами и минералосодержащими препаратами
B03AE10,Temir preparatlari boshqa preparatlar bilan majmuada,Железа препараты в комбинации с прочими препаратами
B03BA,Vitamin B12 (sianokobalamin va uning analoglari),Витамин В12 (цианокобаламин и его аналоги)
B03BA01,Sianokobalamin,Цианокобаламин
B03BA02,Sianokobalamin-tanin majmuasi,Цианокобаламин-таниновый комплекс
B03BA03,Gidroksokobalamin,Гидроксокобаламин
B03BA04,Kobamamid,Кобамамид
B03BA05,Mekobalamin,Мекобаламин
B03BA51,Sianokobalamin boshqa vositalar bilan majmuada,Цианокобаламин в комбинации со средствами
B03BA53,Gidroksokobalamin boshqa vositalar bilan majmuada,Гидроксокобаламин в комбинации со средствами
B03BB,Folat kislotasi va uning hosilalari,Фолиевая кислота и ее производные
B03BB01,Folat kislotasi,Фолиевая кислота
B03BB51,Folat kislotasi boshqa vositalar bilan majmuada,Фолиевая кислота в комбинации со средствами
B03XA,Boshqa anemiyaga qarshi preparatlar,Другие антианемические препараты
B03XA01,Eritropoetin,Эритропоэтин
B03XA02,Darbepoetin alfa,Дарбэпоэтин альфа
B03XA03,Metoksipolietilenglikol-epoetin beta,Метоксиполиэтиленгликоль-эпоэтин бета
B03XA04,Peginesatid,Пэгинесатид
B03XA05,Roksadustat,Роксадустат
B03XA06,Luspatersept,Луспатерцепт
B03XA07,Daprodustat,Дапродустат
B03XA08,Vadadustat,Вададустат
B03XA09,Molidustat,Молидустат
B03XA10,Efepoetin alfa,Эфэпоэтин альфа
B05AA,Qon oʻrnini bosuvchi va qon plazmasi preparatlari,Кровезаменители и препараты плазмы крови
B05AA01,Albumin,Альбумин
B05AA02,Boshqa plazma oqsil fraksiyalari,Белковые фракции плазмы другие
B05AA03,Ftorkarbon qon oʻrnini bosuvchilar,Фторкарбоновые кровезаменители
B05AA05,Dekstran,Декстран
B05AA06,Jelatin preparatlari,Желатина препараты
B05AA07,Gidroksietilkraxmal,Гидроксиэтилкрахмал
B05AA08,Gemoglobin krosfumaril,Гемоглобин кросфумарил
B05AA09,Gemoglobin raffimer,Гемоглобин раффимер
B05AA10,Gemoglobin glutamer (qora mol),Гемоглобин глутамер (бычий)
B05AX,Boshqa qon preparatlari,Другие препараты крови
B05AX01,Eritrotsitlar,Эритроциты
B05AX02,Trombotsitlar,Тромбоциты
B05AX03,Qon plazmasi,Плазма крови
B05AX04,Kindik qonidan oʻzak xujayralar,Стволовые клетки из пуповинной крови
B05BA,Parenteral oziqlantirish uchun eritmalar,Растворы для парентерального питания
B05BA01,Aminokislotalar,Аминокислоты
B05BA02,Yogʻli emulsiyalar,Жировые эмульсии
B05BA03,Uglevodlar,Углеводы
B05BA04,Oqsil gidrolizati,Белковые гидролизаты
B05BA10,Parenteral oziqlantirish uchun preparatlar majmuada,Препараты для парентерального питания комбинированные
B05BB,Suv-elektrolit balansiga taʼsir etuvchi eritmalar,"Растворы, влияющие на водно-электролитный баланс"
B05BB01,Elektrolitlar,Электролиты
B05BB02,Elektrolitlar uglevodlar bilan majmuada,Электролиты в комбинации с углеводами
B05BB03,Trometamol,Трометамол
B05BB04,Elektrolitlar boshqa preparatlar bilan majmuada,Электролиты в комбинации с другими препаратами
B05BC,Osmodiuretik taʼsirga ega eritmalar,Растворы с осмодиуретическим действием
B05BC01,Mannitol,Маннитол
B05BC02,Mochevina,Мочевина
B05CA,Mikroblarga qarshi eritmalar,Противомикробные растворы
B05CA01,Setilpiridin xloridi,Цетилпиридиния хлорид
B05CA02,Xlorgeksidin,Хлоргексидин
B05CA03,Nitrofural,Нитрофурал
B05CA04,Sulfametizol,Сульфаметизол
B05CA05,Taurolidin,Тауролидин
B05CA06,Mandelov kislotasi,Манделовая кислота
B05CA07,Noksitiolin,Нокситиолин
B05CA08,Etakridin,Этакридин
B05CA09,Neomitsin,Неомицин
B05CA10,Mikroblarga qarshi preparatlar majmuada,Противомикробные препараты комбинированные
B05CB,Tuzli eritmalar,Солевые растворы
B05CB01,Natriy xloridi,Натрия хлорид
B05CB02,Natriy sitrati,Натрия цитрат
B05CB03,Magniy sitrati,Магния цитрат
B05CB04,Natriy gidrokarbonati,Натрия гидрокарбонат
B05CB10,Tuzli eritmalar majmuada,Солевые растворы комбинированные
B05CX,Boshqa irrigatsion eritmalar,Другие ирригационные растворы
B05CX01,Dekstroza,Декстроза
B05CX02,Sorbitol,Сорбитол
B05CX03,Glitsin,Глицин
B05CX04,Mannitol,Маннитол
B05CX10,Irrigatsion eritmalar majmuada,Ирригационных растворов комбинации
B05DA,Izotonik eritmalar,Изотонтческие растворы
B05DB,Gipertonik eritmalar,Гипертонтческие растворы
B05XA,Elektrolit eritmalari,Растворы электролитов
B05XA01,Kaliy xloridi,Калия хлорид
B05XA02,Natriy bikarbonati,Натрия бикарбонат
B05XA03,Natriy xloridi,Натрия хлорид
B05XA04,Ammoniy xloridi,Аммония хлорид
B05XA05,Magniy sulfati,Магния сульфат
B05XA06,Kaliy fosfat boshqa kaliy tuzlari bilan majmuada,Калия фосфат в комбинации с другими солями калия
B05XA07,Kalsiy xloridi,Кальция хлорид
B05XA08,Natriy atsetati,Натрия ацетат
B05XA09,Natriy fosfati,Натрия фосфат
B05XA10,Magniy fosfati,Магния фосфат
B05XA11,Magniy xloridi,Магния хлорид
B05XA12,Sink xloridi,Цинка хлорид
B05XA13,Xlorid kislotasi,Хлористоводородная кислота
B05XA14,Natriy glitserofosfati,Натрия глицерофосфат
B05XA15,Kaliy laktati,Калия лактат
B05XA16,Kardioplegik eritmalar,Кардиоплегические растворы
B05XA30,Elektrolit eritmalar majmuada,Электролитные растворы в комбинации
B05XA31,Elektrolitlar boshqa vositalar bilan majmuada,Электролиты в комбинации со средствами
B05XB,Aminokislotalar,Аминокислоты
B05XB02,Alanil glutamin,Аланил глутамин
B05XB03,Lizin,Лизин
B05XC,Vitaminlar,Витамины
B05XX,Vena ichiga yuborish uchun eritmalarga boshqa qoʻshimchalar,Другие добавки к растворам для внутривенного введения
B05XX02,Trometamol,Трометамол
B05ZA,Gemodializatlar (konsentratlar),Гемодиализаты (концентраты)
B06AA,Ferment preparatlari,Ферментные препараты
B06AA02,Fibrinolizin va dezoksiribonukleaza,Фибринолизин и дезоксирибонуклеаза
B06AA03,Gialuronidaza,Гиалуронидаза
B06AA04,Ximotripsin,Химотрипсин
B06AA07,Tripsin,Трипсин
B06AA10,Dezoksiribonukleaza,Дезоксирибонуклеаза
B06AA55,Streptokinaza majmuasi,Стрептокиназа комбинация
B06AB,Boshqa gematologik vositalar,Прочие гематологические средства
B06AB01,Gematin,Гематин
B06AC,Nasliy angionevratik shishda qoʻllaniladigan preparatlar,Препараты применяемые при наследственном ангионевротическом отеке
B06AC01,C1-ingibitor (plazmadan ajratilgan),C1-ингибитор (выделенный из плазмы)
B06AC02,Ikatibant,Икатибант
B06AC03,Ekallantid,Экаллантид
B06AC04,Konestat alfa (C1-ingibitorga rekombinant),Конестат альфа (рекомбинантный C1-ингибитор)
B06AC05,Lanadelumab,Ланаделумаб
B06AC06,Berotralstat,Беротралстат
B06AC07,Garadatsimab,Гарадацимаб
B06AC08,Sebetalstat,Себеталстат
C01AA,Digitalis glikozidlari,Гликозиды наперстянки
C01AA01,Asetildigitoksin,Ацетилдигитоксин
C01AA02,Asetildigoksin,Ацетилдигоксин
C01AA03,Digitalis glikozidlar yigʻindisi,Дигиталиса гликозидов сумма
C01AA04,Digitoksin,Дигитоксин
C01AA05,Digoksin,Дигоксин
C01AA06,Lanatozid S,Ланатозид Ц
C01AA07,Deslanozid,Десланозид
C01AA08,Metildigoksin,Метилдигоксин
C01AA09,Gitoformat,Гитоформат
C01AB,Dengiz piyozi glikozidlari,Гликозиды морского лука
C01AB01,Prossillaridin,Просцилларидин
C01AB51,Prossillaridin boshqa vositalar bilan majmuada,Просцилларидин в комбинации со средствами
C01AC,Strofant glikozidlari,Гликозиды строфанта
C01AC01,G-strofantin,G-cтрофантин
C01AC03,Simarin,Цимарин
C01AX,Boshqa yurak glikozidlari,Другие сердечные гликозиды
C01AX02,Peruvozid,Перувозид
C01BA,Ia sinfga mansub aritmiyaga qarshi preparatlar,"Антиаритмические препараты, класс Iа"
C01BA01,Xinidin,Хинидин
C01BA02,Prokainamid,Прокаинамид
C01BA03,Dizopiramid,Дизопирамид
C01BA04,Spartein,Спартеин
C01BA05,Aymalin,Аймалин
C01BA08,Praymalin,Праймалин
C01BA12,Loraymin,Лораймин
C01BA51,Xinidin boshqa vositalar bilan majmuada (psixotrop preparatlardan tashqari),Хинидин в комбинации со средствами (исключая психотропные препараты)
C01BA71,Xinidin psixotrop vositalar bilan majmuada,Хинидин в комбинации с психотропными средствами
C01BB,Ib sinfga mansub aritmiyaga qarshi preparatlar,"Антиаритмические препараты, класс Iв"
C01BB01,Lidokain,Лидокаин
C01BB02,Meksiletin,Мексилетин
C01BB03,Tokainid,Токаинид
C01BB04,Aprindin,Априндин
C01BC,Ic sinfga mansub aritmiyaga qarshi preparatlar,"Антиаритмические препараты, класс Iс"
C01BC03,Propafenon,Пропафенон
C01BC04,Flekainid,Флекаинид
C01BC07,Lorkainid,Лоркаинид
C01BC08,Enkainid,Энкаинид
C01BC09,Etatsizin,Этацизин
C01BD,III sinfga mansub aritmiyaga qarshi preparatlar,"Антиаритмические препараты, класс III"
C01BD01,Amiodaron,Амиодарон
C01BD02,Bretiliy tozilati,Бретилия тозилат
C01BD03,Bunaftin,Бунафтин
C01BD04,Dofetilid,Дофетилид
C01BD05,Ibutilid,Ибутилид
C01BD06,Tedizamil,Тедизамил
C01BD07,Dronedaron,Дронедарон
C01BG,I vа III sinfga mansub aritmiyaga qarshi preparatlar,"Другие антиаритмические препараты, классы I и III"
C01BG01,Moratsizin,Морацизин
C01BG07,Sibenzolin,Цибензолин
C01BG11,Vernakalant,Вернакалант
C01CA,Adrenergik va dofaminergik vositalar,Адренергические и дофаминергические средства
C01CA01,Etilefrin,Этилэфрин
C01CA02,Izoprenalin,Изопреналин
C01CA03,Norepinefrin,Норэпинефрин
C01CA04,Dopamin,Допамин
C01CA05,Norfenefrin,Норфенефрин
C01CA06,Fenilefrin,Фенилэфрин
C01CA07,Dobutamin,Добутамин
C01CA08,Oksedrin,Окседрин
C01CA09,Metaraminol,Метараминол
C01CA10,Metoksamin,Метоксамин
C01CA11,Mefentermin,Мефентермин
C01CA12,Dimetofrin,Диметофрин
C01CA13,Prenalterol,Преналтерол
C01CA14,Dopeksamin,Допексамин
C01CA15,Gepefrin,Гепефрин
C01CA16,Ibopamin,Ибопамин
C01CA17,Midodrin,Мидодрин
C01CA18,Oktopamin,Октопамин
C01CA19,Fenoldopam,Фенолдопам
C01CA21,Kafedrin,Кафедрин
C01CA22,Arbutamin,Арбутамин
C01CA23,Teodrenalin,Теодреналин
C01CA24,Epinefrin,Эпинефрин
C01CA30,Adreno- va dopamin-qoʻzgʻatuvchi majmuaviy preparatlar,Адрено- и допамин-стимулирующие препараты в комбинации
C01CA51,Etilefrin boshqa vositalar bilan majmuada,Этилэфрин в комбинации со средствами
C01CE,Fosfodiesteraza ingibitorlari,Ингибиторы фосфодиэстеразы
C01CE01,Amrinon,Амринон
C01CE02,Milrinon,Милринон
C01CE03,Enoksimon,Эноксимон
C01CE04,Bukladezin,Букладезин
C01CX,Boshqa kardiotonik vositalar,Другие кардиотонические средства
C01CX06,Angiotenzinamid,Ангиотензинамид
C01CX07,Ksamoterol,Ксамотерол
C01CX08,Levosimendan,Левосимендан
C01CX09,Angiotenzin II,Ангиотензин II
C01CX10,Omekamtiv mekarbil,Омекамтив мекарбил
C01DA,Organik nitratlar,Органические нитраты
C01DA02,Nitroglitserin,Нитроглицерин
C01DA04,Metilpropilpropandiola dinitrat,Метилпропилпропандиола динитрат
C01DA05,Pentaeritritil tetranitrati,Пентаэритритила тетранитрат
C01DA07,Propatilnitrat,Пропатилнитрат
C01DA08,Izosorbid dinitrati,Изосорбида динитрат
C01DA09,Trolnitrat,Тролнитрат
C01DA13,Eritritil tetranitrati,Эритритила тетранитрат
C01DA14,Izosorbid mononitrati,Изосорбида мононитрат
C01DA20,Organik nitratlar majmuada,Нитраты органические в комбинации
C01DA38,Tenitramin,Тенитрамин
C01DA52,Nitroglitserin boshqa vositalar bilan majmuada,Нитроглицерин в комбинации со средствами
C01DA54,Metilpropilpropandiol dinitrat boshqa vositalar bilan majmuada,Метилпропилпропандиол динитрат в комбинации со средствами
C01DA55,Pentaeritritil tetranitrat boshqa vositalar bilan majmuada,Пентаэритритила тетранитрат в комбинации со средствами
C01DA57,Propatilnitrat boshqa vositalar bilan majmuada,Пропатилнитрат в комбинации со средствами
C01DA58,Izosorbid dinitrat boshqa vositalar bilan majmuada,Изосорбида динитрат в комбинации со средствами
C01DA59,Trolnitrat boshqa vositalar bilan majmuada,Тролнитрат в комбинации со средствами
C01DA63,Eritritil tetranitrat boshqa vositalar bilan majmuada,Эритритила тетранитрат в комбинации со средствами
C01DA70,Organik nitratlar psixotrop vositalar bilan majmuada,Нитраты органические в комбинации с психотропными средствами
C01DB,Xinolon vazodilatatorlar,Хинолоновые вазодилататоры
C01DB01,Flozexinan,Флозехинан
C01DX,Yurak kasalliklarini davolash uchun boshqa vazodilyatatorlar,Другие вазодилататоры для лечения заболеваний сердца
C01DX01,Itramin tozilati,Итрамина тозилат
C01DX02,Prenilamin,Прениламин
C01DX03,Oksifedrin,Оксифедрин
C01DX04,Benzyodaron,Бензйодарон
C01DX05,Karbokromen,Карбокромен
C01DX06,Geksobendin,Гексобендин
C01DX07,Etafenon,Этафенон
C01DX08,Geptaminol,Гептаминол
C01DX09,Imolamin,Имоламин
C01DX10,Dilazep,Дилазеп
C01DX11,Trapidil,Трапидил
C01DX12,Molsidomin,Молсидомин
C01DX13,Efloksat,Эфлоксат
C01DX14,Sinepazet,Цинепазет
C01DX15,Kloridarol,Клоридарол
C01DX16,Nikorandil,Никорандил
C01DX17,Trimetazidin,Триметазидин
C01DX18,Linsidomin,Линсидомин
C01DX19,Nesiritid,Несиритид
C01DX21,Serelaksin,Серелаксин
C01DX51,Itramin tozilati boshqa vositalar bilan majmuada,Итрамина тозилат в комбинации со средствами
C01DX52,Prenilamin boshqa vositalar bilan majmuada,Прениламин в комбинации со средствами
C01DX53,Oksifedrin boshqa vositalar bilan majmuada,Оксифедрин в комбинации со средствами
C01DX54,Benziodaron boshqa vositalar bilan majmuada,Бензиодарон в комбинации со средствами
C01EA,Prostaglandinlar,Простагландины
C01EA01,Alprostadil,Алпростадил
C01EB,Yurak kasalliklarini davolash uchun boshqa preparatlar,Другие препараты для лечения заболеваний сердца
C01EB02,Kamfora,Камфора
C01EB03,Indometatsin,Индометацин
C01EB04,Doʻlana glikozidlari,Боярышника гликозиды
C01EB05,Kreatinolfosfat,Креатинолфосфат
C01EB06,Fosfokreatin,Фосфокреатин
C01EB07,"Fruktozo-1,6-difosfat","Фруктозо-1,6-дифосфат"
C01EB09,Ubidekarenon,Убидекаренон
C01EB10,Adenozin fosfat,Аденозина фосфат
C01EB11,Tiratsizin,Тирацизин
C01EB12,Tedizamil,Тедизамил
C01EB13,Akadezin,Акадезин
C01EB14,Lanreotid,Ланреотид
C01EB15,Trimetazidin,Триметазидин
C01EB16,Ibuprofen,Ибупрофен
C01EB17,Ivabradin,Ивабрадин
C01EB18,Ranolazin,Ранолазин
C01EB19,Ikatibant,Икатибант
C01EB22,Meldoniy,Мельдоний
C01EB23,Tiazot kislota,Тиазотовая кислота
C01EB25,Akoramidis,Акорамидис
C01EX,"Yurak kasalliklarini davolash uchun preparatlar, majmuada va boshqalar",Препараты для лечения заболеваний сердца комбинированные другие
C02AA,Rauvolfi alkoloidlari,Алкалоиды раувольфии
C02AA01,Ressinnamin,Ресциннамин
C02AA02,Rezerpin,Резерпин
C02AA03,Raufolfiya alkaloidlar majmuasi,Рауфольфии алкалоидов комбинация
C02AA04,Raufolfi alkaloidlar yigʻindisi,Раувольфии алкалоидов сумма
C02AA05,Dezerpidin,Дезерпидин
C02AA06,Metozerpidin,Метозерпидин
C02AA07,Bietaserpin,Биэтасерпин
C02AA52,Rezerpin boshqa vositalar bilan majmuada,Резерпин в комбинации со средствами
C02AA53,Raufolfiya alkaloidlar yigʻindisi boshqa vositalar bilan majmuada,Раувольфии алкалоидов сумма в комбинации со средствами
C02AA57,Bietazerpin boshqa vositalar bilan majmuada,Биэтазерпин в комбинации со средствами
C02AB,Metildopa,Метилдопа
C02AB01,Metildopa (chapga aylanuvchi),Метилдопа (левовращающая)
C02AB02,Metildopa,Метилдопа
C02AC,Imidazolin retseptorlari agonistlari,Агонисты имидазолиновых рецепторов
C02AC01,Klonidin,Клонидин
C02AC02,Guanfatsin,Гуанфацин
C02AC04,Tolonidin,Толонидин
C02AC05,Moksonidin,Моксонидин
C02AC06,Rilmenidin,Рилменидин
C02BA,Sulfoniy hosilalari,Производные сульфония
C02BA01,Trimetafan,Триметафан
C02BB,Ikkilamchi va uchlamchi aminlar,Вторичные и третичные амины
C02BB01,Mekamilamin,Мекамиламин
C02BC,Bis-toʻrtlamchi ammoniy birikmalari,Бисчетвертичные аммониевые соединения
C02BC01,Diizopropilamin,Диизопропиламин
C02CA,Alfa-adrenoblokatorlar,Альфа-адреноблокаторы
C02CA01,Prazozin,Празозин
C02CA02,Indoramin,Индорамин
C02CA03,Trimazozin,Тримазозин
C02CA04,Doksazozin,Доксазозин
C02CA05,Terazozin,Теразозин
C02CA06,Urapidil,Урапидил
C02CC,Guanidin hosilalari,Производные гуанидина
C02CC01,Betanidin,Бетанидин
C02CC02,Guanetidin,Гуанетидин
C02CC03,Guanoksan,Гуаноксан
C02CC04,Debrizoxin,Дебризохин
C02CC05,Guanoklor,Гуаноклор
C02CC06,Guanazodin,Гуаназодин
C02CC07,Guanoksabenz,Гуаноксабенз
C02DA,Tiazid hosilalari,Производные тиазида
C02DA01,Diazoksid,Диазоксид
C02DB,Gidrazinoftalazin hosilalari,Производные гидразинофталазина
C02DB01,Digidralazin,Дигидралазин
C02DB02,Gidralazin,Гидралазин
C02DB03,Endralazin,Эндралазин
C02DB04,Kadralazin,Кадралазин
C02DC,Pirimidin hosilalari,Производные пиримидина
C02DD01,Nitroprussid natriy,Нитропруссид натрия
C02DD,Nitroferritsianid hosilalari,Производные нитроферрицианида
C02DG,Guanidin hosilalari,Производные гуанидина
C02DG01,Pinatsidil,Пинацидил
C02KA,Alkaloidlar rauvolfi alkaloidlardan tashqari,"Алкалоиды, кроме алкалоидов раувольфии"
C02KA01,Chemeritsa,Чемерица
C02KB,Tirozingidroksilaza ingibitorlari,Ингибиторы тирозингидроксилазы
C02KB01,Metirozin,Метирозин
C02KC,Monoaminoksidaza ingibitorlari,Ингибиторы моноаминоксидазы
C02KC01,Pargilin,Паргилин
C02KD,Serotonin antagonistlari,Антагонисты серотонина
C02KD01,Ketanserin,Кетансерин
C02KN,Serotonin antagonistlari,Прочие антигипертензивные препараты
C02KN01,Aprotsitentan,Апроцитентан
C02KX,Oʻpka arterial gipertenziyasini davolash uchun antigipertenziv vositalar,Антигипертензивные средства для лечения легочной артериальной гипертензии
C02KX01,Bozentan,Бозентан
C02KX02,Ambrizentan,Амбризентан
C02KX03,Sitaksentan,Ситаксентан
C02KX04,Matsitentan,Мацитентан
C02KX05,Riotsiguat,Риоцигуат
C02KX06,Sotatersept,Сотатерцепт
C02KX52,Ambrisentan va tadalafil,Амбрисентан и тадалафил
C02LA,Rauvolfi alkoloidlari diuretiklar bilan majmuada,Алкалоиды раувольфии в комбинации с диуретиками
C02LA01,Rezerpin va diuretiklar,Резерпин и диуретики
C02LA02,Ressinnamin va diuretiklar,Ресциннамин и диуретики
C02LA03,Desepridin va diuretiklar,Десепридин и диуретики
C02LA04,Metoverpidin va diuretiklar,Метоверпидин и диуретики
C02LA07,Bietazerpin va diuretiklar,Биэтазерпин и диуретики
C02LA08,Rauvolfiya alkoloidlar diuretiklar bilan majmuada,Раувольфии алкалоидов сумма в комбинации с диуретиками
C02LA09,Sirosingopin diuretiklar bilan majmuada,Сиросингопин в комбинации с диуретиками
C02LA50,"Rauvolfiya alkoloidlar va diuretiklar, jumladan boshqa preparatlar bilan majmuada","Раувольфии алкалоиды и диуретики, в т.ч. в комбинации с другими препаратами"
C02LA51,Rezerpin va diuretiklar boshqa vositalar bilan majmuada,Резерпин и диуретики в комбинации со средствами
C02LA52,Ressinnamin va diuretiklar boshqa vositalar bilan majmuada,Ресциннамин и диуретики в комбинации со средствами
C02LA71,Rezerpin va diuretiklar psixotrop vositalar bilan majmuada,Резерпин и диуретики в комбинации с психотропными средствами
C02LB,Metildopa diuretiklar bilan majmuada,Метилдопа в комбинации с диуретиками
C02LB01,Metildopa (chapga aylanuvchi) diuretiklar bilan majmuada,Метилдопа (левовращающая) в комбинации с диуретиками
C02LC,Imidazolin retseptorlari agonistlari diuretiklar bilan majmuada,Агонисты имидазолиновых рецепторов в комбинации с диуретиками
C02LC01,Klonidin va diuretiklar,Клонидин и диуретики
C02LC05,Moksonidin va diuretiklar,Моксонидин и диуретики
C02LC51,Klonidin va diuretiklar boshqa vositalar bilan majmuada,Клонидин и диуретики в комбинации со средствами
C02LE,Alfa-adrenoblokatorlar diuretiklar bilan majmuada,Альфа-адреноблокаторы в комбинации с диуретиками
C02LE01,Prazozin va diuretiklar,Празозин и диуретики
C02LF,Guanidin hosilalari diuretiklar bilan majmuada,Производные гуанидина в комбинации с диуретиками
C02LF01,Guanetidin diuretiklar bilan majmuada,Гуанетидин в комбинации с диуретиками
C02LG,Gidrazinoftalazin hosilalari diuretiklar bilan majmuada,Производные гидразинофталазина в комбинации с диуретиками
C02LG01,Digidralazin va diuretiklar,Дигидралазин и диуретики
C02LG02,Gidralazin va diuretiklar,Гидралазин и диуретики
C02LG03,Pikodralazin va diuretiklar,Пикодралазин и диуретики
C02LG51,Digidralazin va diuretiklar boshqa vositalar bilan majmuada,Дигидралазин и диуретики в комбинации со средствами
C02LG73,Pikodralazin va diuretiklar psixotrop vositalar bilan majmuada,Пикодралазин и диуретики в комбинации с психотропными средствами
C02LK,"Alkaloidlar, rauvolfi alkoloidlaridan tashqari diuretiklar bilan majmuada","Алкалоиды, кроме алкалоидов раувольфии в комбинации с диуретиками"
C02LK01,Maralquloq preparatlari va diuretiklar,Чемерицы препараты и диуретики
C02LL,Monoaminoksidaza ingibitorlari diuretiklar bilan majmuada,Ингибиторы моноаминоксидазы в комбинации с диуретиками
C02LL01,Pargilin va diuretiklar,Паргилин и диуретики
C02LX,Boshqa antigipertenziv vositalar va diuretiklar,Другие антигипертензивные средства и диуретики
C02LX01,Pinatsidil va diuretiklar,Пинацидил и диуретики
C03AA,Tiazidlar,Тиазиды
C03AA01,Bendroflumetiazid,Бендрофлуметиазид
C03AA02,Gidroflumetiazid,Гидрофлуметиазид
C03AA03,Gidroxlorotiazid,Гидрохлоротиазид
C03AA04,Xlorotiazid,Хлоротиазид
C03AA05,Politiazid,Политиазид
C03AA06,Trixlormetiazid,Трихлорметиазид
C03AA07,Siklopentiazid,Циклопентиазид
C03AA08,Metiklotiazid,Метиклотиазид
C03AA09,Siklotiazid,Циклотиазид
C03AA13,Mebutizid,Мебутизид
C03AB,Tiazidlar kaliy tuzlari bilan majmuada,Тиазиды в комбинации с солями калия
C03AB01,Bendroflumetazid va kaliy,Бендрофлуметазид и калий
C03AB02,Gidroflumetiozid va kaliy,Гидрофлуметиозид и калий
C03AB03,Gidroxlorotiazid va kaliy,Гидрохлоротиазид и калий
C03AB04,Xlorotiazid va kaliy,Хлоротиазид и калий
C03AB05,Politiazid va kaliy,Политиазид и калий
C03AB06,Trixlormetiazid va kaliy,Трихлорметиазид и калий
C03AB07,Siklopentiazid va kaliy,Циклопентиазид и калий
C03AB08,Metiklotiazid va kaliy,Метиклотиазид и калий
C03AH,Tiazidlar psixotrop vositalari va/yoki analgetiklar bilan majmuada,Тиазиды в комбинации с психотропными средствами и/или анальгетиками
C03AH01,Xlorotiazid psixotrop vositalari va/yoki analgetiklar bilan majmuada,Хлоротиазид в комбинации с психотропными средствами и/или анальгетиками
C03AH02,Gidroflumetiazid psixotrop vositalari va/yoki analgetiklar bilan majmuada,Гидрофлуметиазид в комбинации с психотропными средствами и/или анальгетиками
C03AX,Tiazidlar vositalar bilan majmuada,Тиазиды в комбинации со средствами
C03AX01,Gidroxlorotiazid vositalar bilan majmuada,Гидрохлоротиазид в комбинации со средствами
C03BA,Sulfonamidlar,Сульфонамиды
C03BA02,Xinetazon,Хинетазон
C03BA03,Klopamid,Клопамид
C03BA04,Xlortalidon,Хлорталидон
C03BA05,Mefruzid,Мефрузид
C03BA07,Klofenamid,Клофенамид
C03BA08,Metolazon,Метолазон
C03BA09,Metikran,Метикран
C03BA10,Ksipamid,Ксипамид
C03BA11,Indapamid,Индапамид
C03BA12,Kloreksolon,Клорексолон
C03BA13,Fenxizon,Фенхизон
C03BA82,Kloreksolon psixotrop vositalar bilan majmuada,Клорексолон в комбинации с психотропными средствами
C03BB,Sulfonamidlar kaliy tuzlarii bilan majmuada,Сульфонамиды в комбинации с солями калия
C03BB02,Xinetazon va kaliy,Хинетазон и калий
C03BB03,Klopamid va kaliy,Клопамид и калий
C03BB04,Xlortalidon va kaliy,Хлорталидон и калий
C03BB05,Mefrusid va kaliy,Мефрусид и калий
C03BB07,Klofenamid va kaliy,Клофенамид и калий
C03BC,Simob saqlaydigan diuretiklar,Ртутьсодержащие диуретики
C03CB01,Furosemid va kaliy,Фуросемид и калий
C03CB02,Bumetanid va kaliy,Буметанид и калий
C03BD,Ksantin hosilalari,Производные ксантина
C03BD01,Teobromin,Теобромин
C03BK,Sulfanilamidlar boshqa preparatlar bilan majmuada,Сульфонамиды в комбинации с другими препаратами
C03CA,Sulfonamidlar,Сульфонамиды
C03CA01,Furosemid,Фуросемид
C03CA02,Bumetanid,Буметанид
C03CA03,Piretanid,Пиретанид
C03CA04,Torasemid,Торасемид
C03CB,Sulfonamidlar kaliy tuzlari bilan majmuada,Сульфонамиды в комбинации с солями калия
C03CC,Arilsirka kislotasi hosilalari,Производные арилоксиуксусной кислоты
C03CC01,Etakrin kislotasi,Этакриновая кислота
C03CC02,Tiyenil kislotasi,Тиениловая кислота
C03CD,Pirazolon hosilalari,Производные пиразолона
C03CD01,Muzolimin,Музолимин
C03CX,Boshqa \,Другие «петлевые» диуретики
C03CX01,Etozolin,Этозолин
C03DA,Aldosteron antagonistlari,Антагонисты альдостерона
C03DA01,Spironolakton,Спиронолактон
C03DA02,Kaliy kanrenoati,Калия канреноат
C03DA03,Kanrenon,Канренон
C03DA04,Eplerenon,Эплеренон
C03DA05,Finerenon,Финеренон
C03DB,Boshqa kaliyni tejovchi diuretiklar,Другие калийсберегающие диуретики
C03DB01,Amilorid,Амилорид
C03DB02,Triamteren,Триамтерен
C03EA,Tiazidga oʻxshash diuretiklar kaliyni tejovchi diuretiklar bilan majmuada,Тиазидоподобные диуретики в комбинации с калийсберегающими диуретиками
C03EA01,Gidroxlorotiazid kaliyni tejovchi preparatlar bilan majmuada,Гидрохлоротиазид в комбинации с калийсберегающими препаратами
C03EA02,Trixlormetiazid kaliyni tejovchi preparatlar bilan majmuada,Трихлорметиазид в комбинации с калийсберегающими препаратами
C03EA03,Epitizid kaliyni tejovchi preparatlar bilan majmuada,Эпитизид в комбинации с калийсберегающими препаратами
C03EA04,Altizid kaliyni tejovchi preparatlar bilan majmuada,Алтизид в комбинации с калийсберегающими препаратами
C03EA05,Mebutizid kaliyni tejovchi preparlar bilan majmuada,Мебутизид в комбинации с калийсберегающими препаратами
C03EA06,Xlortalidon kaliyni tejovchi preplar bilan majmuada,Хлорталидон в комбинации с калийсберегающими препаратами
C03EA07,Siklopentiazid kaliyni tejovchi plar bilan majmuada,Циклопентиазид в комбинации с калийсберегающими препаратами
C03EA12,Metolazon kaliyni tejovchi preparlar bilan majmuada,Метолазон в комбинации с калийсберегающими препаратами
C03EA13,Bendroflumetiazid kaliyni tejovchi preparatlar bilan majmuada,Бендрофлуметиазид в комбинации с калийсберегающими препаратами
C03EA14,Butizid kaliyni tejovchi preparatlar bilan majmuada,Бутизид в комбинации с калийсберегающими препаратами
C03EB,\,«Петлевые» диуретики в комбинации с калийсберегающими диуретиками
C03EB01,Furosemid kaliyni tejovchi preparlar bilan majmuada,Фуросемид в комбинации с калийсберегающими препаратами
C03EB02,Bumetanid kaliyni tejovchi preparlar bilan majmuada,Буметанид в комбинации с калийсберегающими препаратами
C03XA,Vazopressin antagonistlari,Антагонисты вазопрессина
C03XA01,Tolvaptan,Толваптан
C03XA02,Konivaptan,Кониваптан
C04AA,2-amino-1-feniletanol hosilalari,Производные 2-амино-1-фенилэтанола
C04AA01,Izoksuprin,Изоксуприн
C04AA02,Bufenin,Буфенин
C04AA31,Bametan,Баметан
C04AB,Imidazolin hosilalari,Производные имидазолина
C04AB01,Fentolamin,Фентоламин
C04AB02,Tolazolin,Толазолин
C04AC,Nikotin kislotasi va uning hosilalari,Никотиновая кислота и ее производные
C04AC01,Nikotin kislotasi,Никотиновая кислота
C04AC02,Nikotinli spirt (piridilkarbinol),Никотиниловый спирт (пиридилкарбинол)
C04AC03,Inozitol nikotinat,Инозитола никотинат
C04AC07,Siklonikat,Циклоникат
C04AD,Purin hosilalari,Производные пурина
C04AD01,Pentifillin,Пентифиллин
C04AD02,Ksantinol nikotinat,Ксантинола никотинат
C04AD03,Pentoksifillin,Пентоксифиллин
C04AD04,Etofillin nikotinat,Этофиллина никотинат
C04AE,Qorakuya alkaloidlari,Алкалоиды спорыньи
C04AE01,Ergoloid mezilat,Эрголоида мезилат
C04AE02,Nitsergolin,Ницерголин
C04AE04,Digidroergokristin,Дигидроэргокристин
C04AE51,Ergoloid mezilati boshqa vositalar bilan majmuada,Эрголоида мезилат в комбинации со средствами
C04AE54,Digidroergokristin boshqa vositalar bilan majmuada,Дигидроэргокристин в комбинации со средствами
C04AF,Ferment preparatlari,Ферментные препараты
C04AF01,Kallidinogenaza,Каллидиногеназа
C04AX,Boshqa periferik vazodilyatatorlar,Другие периферические вазодилататоры
C04AX01,Siklandelat,Цикланделат
C04AX02,Fenoksibenzamin,Феноксибензамин
C04AX07,Vinkamin,Винкамин
C04AX10,Moksizilit,Моксизилит
C04AX11,Bensiklan,Бенциклан
C04AX13,Piribedil,Пирибедил
C04AX17,Vinburnin,Винбурнин
C04AX19,Sulkotidil,Сулькотидил
C04AX20,Buflomedil,Буфломедил
C04AX21,Naftidrofuril,Нафтидрофурил
C04AX23,Butalamin,Буталамин
C04AX24,Visnadin,Виснадин
C04AX26,Setiyedil,Цетиедил
C04AX27,Sinepazid,Цинепазид
C04AX28,Ifenprodil,Ифенпродил
C04AX30,Azapetin,Азапетин
C04AX32,Fazudil,Фазудил
C04AX33,Klazosentan,Клазосентан
C05AA,Kortikosteroidlar,Кортикостероиды
C05AA01,Gidrokortizon,Гидрокортизон
C05AA04,Prednizolon,Преднизолон
C05AA05,Betametazon,Бетаметазон
C05AA06,Ftormetolon,Фторметолон
C05AA08,Fluokortolon,Флуокортолон
C05AA09,Deksametazon,Дексаметазон
C05AA10,Fluotsinolon atsetonid,Флуоцинолона ацетонид
C05AA11,Fluotsinonid,Флуоцинонид
C05AA12,Triamsinolon,Триамцинолон
C05AD,Mahalliy anestetiklar,Местные анестетики
C05AD01,Lidokain,Лидокаин
C05AD02,Tetrakain,Тетракаин
C05AD03,Benzokain,Бензокаин
C05AD04,Sinxokain,Цинхокаин
C05AD05,Prokain,Прокаин
C05AD06,Oksetakain,Оксетакаин
C05AD07,Pramokain,Прамокаин
C05AE,Miorelaksantlar,Миорелаксанты
C05AE01,Nitroglitserin,Нитроглицерин
C05AE02,Izosorbid dinitrati,Изосорбида динитрат
C05AE03,Diltiazem,Дилтиазем
C05AX,Gemmoroy va anal yoriqlarni mahalliy davolash uchun boshqa preparatlar,Другие препараты для местного лечения геморроя и анальных трещин
C05AX01,Alyuminiy preparatlari,Алюминия препараты
C05AX02,Vismut preparatlari boshqa vositalar bilan majmuada,Висмута препараты в комбинации со средствами
C05AX03,Gemmoroy va anal yoriqlarni mahalliy davolash uchun boshqa preparatlar,Препараты для лечения геморроя и анальных трещин в комбинации
C05AX04,Sink preparatlari,Цинка препараты
C05AX05,Tribenozid,Трибенозид
C05AX06,Fenilefrin,Фенилэфрин
C05BA,Mahalliy qoʻllash uchun geparinlar yoki geparinoidlar,Гепарины или гепариноиды для местного применения
C05BA01,Organik geparinoidlar,Гепариноиды органические
C05BA02,Natriy apolat,Натрия аполат
C05BA03,Geparin natriy,Гепарин натрия
C05BA04,Pentozan polisulfat natriy,Пентозана полисульфат натрия
C05BA51,Geparinoidlar boshqa preparatlar bilan majmuada,Гепариноиды в комбинации с другими препаратами
C05BA53,Geparin natriy vositalar bilan majmuada,Гепарин натрия в комбинации со средствами
C05BB,Lokal inyeksiya uchun venani sklerozlovchi vositalar,Веносклерозирующие средства для локальных инъекций
C07BB02,Metoprolol va tiazidlar,Метопролол и тиазиды
C07BB03,Atenolol va tiazidlar,Атенолол и тиазиды
C07BB04,Asebutolol va tiazidlar,Ацебутолол и тиазиды
C07BB06,Bevantolol va tiazidlar,Бевантолол и тиазиды
C07BB07,Bisoprolol va tiazidlar,Бисопролол и тиазиды
C07BB12,Nebivolol va tiazidlar,Небиволол и тиазиды
C07BB52,"Metoprolol, tiazid hosilalari va boshqa preparatlar bilan majmuada","Метопролол, в комбинации с тиазида производными и прочими препаратами"
C05BX,Venani sklerozlovchi boshqa preparatlar,Другие веносклерозирующие препараты
C05BX01,Kalsiy dobezilati,Кальция добезилат
C05BX51,Kalsiy dobezilati boshqa vositalar bilan majmuada,Кальция добезилат в комбинации со средствами
C05CA,Bioflavonoidlar,Биофлавоноиды
C05CA01,Rutozid,Рутозид
C05CA02,Monokserutin,Моноксерутин
C05CA03,Diosmin,Диосмин
C05CA04,Trokserutin,Троксерутин
C05CA05,Gidrosmin,Гидросмин
C05CA51,Rutozid boshqa vositalar bilan majmuada,Рутозид в комбинации со средствами
C05CA53,Diosmin boshqa vositalar bilan majmuada,Диосмин в комбинации со средствами
C05CA54,Trokserutin boshqa vositalar bilan majmuada,Троксерутин в комбинации со средствами
C05CX,Kapillyarlar oʻtkazuvchanligini pasaytiruvchi boshqa preparatlar,Другие препараты снижающие проницаемость капилляров
C05CX01,Tribenozid,Трибенозид
C05CX02,Naftazon,Нафтазон
C05CX03,Kanskiy kashtan urug'lari,Канского каштана семена
C07AA,Noselektiv beta-adrenoblokatorlar,Неселективные бета-адреноблокаторы
C07AA02,Oksprenolol,Окспренолол
C07AA03,Pindolol,Пиндолол
C07AA05,Propranolol,Пропранолол
C07AA06,Timolol,Тимолол
C07AA07,Sotalol,Соталол
C07AA12,Nadolol,Надолол
C07AA14,Mepindolol,Мепиндолол
C07AA15,Karteolol,Картеолол
C07AA16,Tertatolol,Тертатолол
C07AA17,Bopindolol,Бопиндолол
C07AA19,Bupranolol,Бупранолол
C07AA23,Penbutolol,Пенбутолол
C07AA27,Kloranolol,Клоранолол
C07AB,Selektiv beta-adrenoblokatorlar,Селективные бета-адреноблокаторы
C07AB01,Praktolol,Практолол
C07AB02,Metoprolol,Метопролол
C07AB03,Atenolol,Атенолол
C07AB04,Asebutolol,Ацебутолол
C07AB05,Betaksolol,Бетаксолол
C07AB06,Bevantolol,Бевантолол
C07AB07,Bisoprolol,Бисопролол
C07AB08,Seliprolol,Целипролол
C07AB09,Esmolol,Эсмолол
C07AB10,Epanolol,Эпанолол
C07AB11,Esatenolol,Эсатенолол
C07AB12,Nebivolol,Небиволол
C07AB13,Talinolol,Талинолол
C07AB14,Landiolol,Ландиолол
C07AG,Alfa- va beta-adrenoblokatorlar,Альфа- и бета-адреноблокаторы
C07AG01,Labetalol,Лабеталол
C07AG02,Karvedilol,Карведилол
C07BA,Noselektiv beta-adrenoblokatorlar va tiazidlar,Неселективные бета-адреноблокаторы и тиазиды
C07BA02,Oksprenolol va tiazidlar,Окспренолол и тиазиды
C07BA05,Propranolol va tiazidlar,Пропранолол и тиазиды
C07BA06,Timolol va tiazidlar,Тимолол и тиазиды
C07BA07,Sotalol va tiazidlar,Соталол и тиазиды
C07BA12,Nadolol va tiazidlar,Надолол и тиазиды
C07BA68,Metipranol tiazidlar bilan majmuada,Метипранол в комбинации с тиазидами
C07BB,Selektiv beta-adrenoblokatorlar tiazid diuretiklar bilan majmuada,Селективные бета-адреноблокаторы в комбинации с тиазидными диуретиками
C07BG,Alfa- va beta-adrenoblokatorlar tiazidlar bilan majmuada,Альфа- и бета-адреноблокаторы в комбинации тиазидами
C07BG01,Labetalol va tiazidlar,Лабеталол и тиазиды
C07CA,Noselektiv beta-adrenoblokatorlar boshqa diuretiklar bilan majmuada,Неселективные бета-адреноблокаторы в комбинации с другими диуретиками
C07CA02,Oksprenolol boshqa diuretiklar bilan majmuada,Окспренолол в комбинации с другими диуретиками
C07CA03,Pindolol boshqa diuretiklar bilan majmuada,Пиндолол в комбинации с другими диуретиками
C07CA17,Bopindolol boshqa diuretiklar bilan majmuada,Бопиндолол в комбинации с другими диуретиками
C07CA23,Penbutolol boshqa diuretiklar bilan majmuada,Пенбутолол в комбинации с другими диуретиками
C07CB,Noselektiv beta-adrenoblokatorlar boshqa diuretiklar bilan majmuada,Селективные бета-адреноблокаторы в комбинации с другими диуретиками
C07CB02,Metoprolol boshqa diuretiklar bilan majmuada,Метопролол в комбинации с другими диуретиками
C07CB03,Atenolol boshqa diuretiklar bilan majmuada,Атенолол в комбинации с другими диуретиками
C07CB53,Atenolol boshqa diuretiklar bilan majmuada,Атенолол в комбинации с другими диуретиками
C07CG,Alfa- i beta-adrenoblokatorlar boshqa diuretiklar bilan majmuada,Альфа- и бета-адреноблокаторы в комбинации с другими диуретиками
C07CG01,Labetalol boshqa diuretiklar bilan majmuada,Лабеталол в комбинации с другими диуретиками
C07DA,Noselektiv beta-adrenoblokatorlar tiazidli va boshqa diuretiklar bilan majmuada,Неселективные бета-адреноблокаторы в комбинации с тиазидными и другими диуретиками
C07DA06,Timolol tiazidlar va boshqa diuretiklar bilan majmuada,Тимолол в комбинации с тиазидами и другими диуретиками
C07DB,Selektiv beta-adrenoblokatorlar tiazidli va boshqa diuretiklar bilan majmuada,Селективные бета-адреноблокаторы в комбинации с тиазидными и другими диуретиками
C07DB01,Atenolol tiazidlar va boshqa diuretiklar bilan majmuada,Атенолол в комбинации с тиазидами и другими диуретиками
C07FB,Beta-adrenoblokatorlar kalsiy kanal blokatorlar bilan majmuada,Бета-адреноблокаторы в комбинации с блокаторами кальциевых каналов
C07FB02,Metoprolol boshqa gipotenziv preparatlar bilan majmuada,Метопролол в комбинации с другими гипотензивными препаратами
C07FB03,Atenolol boshqa gipotenziv preparatlar bilan majmuada,Атенолол в комбинации с другими гипотензивными препаратами
C07FB07,Bisoprolol boshqa gipotenziv preparatlar bilan majmuada,Бисопролол в комбинации с другими гипотензивными препаратами
C08CA,Digidropiridin hosilalari,Производные дигидропиридина
C08CA01,Amlodipin,Амлодипин
C08CA02,Felodipin,Фелодипин
C08CA03,Isradipin,Исрадипин
C08CA04,Nikardipin,Никардипин
C08CA05,Nifedipin,Нифедипин
C08CA06,Nimodipin,Нимодипин
C08CA07,Nisoldipin,Нисолдипин
C08CA08,Nitrendipin,Нитрендипин
C08CA09,Latsidipin,Лацидипин
C08CA10,Nilvadipin,Нилвадипин
C08CA11,Manidipin,Манидипин
C08CA12,Barnidipin,Барнидипин
C08CA13,Lerkanidipin,Лерканидипин
C08CA14,Silnidipin,Цилнидипин
C08CA15,Benidipin,Бенидипин
C08CA16,Klevidipin,Клевидипин
C08CA55,Nifedipin boshqa vositalar bilan majmuada,Нифедипин в комбинации со средствами
C08CX,Qon-tomirlariga taʼsir qiluvchi kalsiy kanallarining boshqa selektiv blokatorlari,Другие селективные блокаторы кальциевых каналов с преимущественным действием на сосуды
C08CX01,Mibefradil,Мибефрадил
C08DA,Fenilalkilamin hosilalari,Производные фенилалкиламина
C08DA01,Verapamil,Верапамил
C08DA02,Gallopamil,Галлопамил
C08DA51,Verapamil boshqa vositalar bilan majmuada,Верапамил в комбинации со средствами
C08DB01,Diltiazem,Дилтиазем
C08DB,Benzotiazepin hosilalari,Производные бензотиазепина
C08EA,Fenilalkilamin hosilalari,Производные фенилалкиламина
C08EA01,Fendilin,Фендилин
C08EA02,Bepridil,Бепридил
C08EX,Boshqa kalsiy kanallar noselektiv blokatorlari,Другие неселективные блокаторы кальциевых каналов
C08EX01,Lidoflazin,Лидофлазин
C08EX02,Pergeksillin,Пергексиллин
C08GA,Kalsiy kanallari blokatorlari diuretiklar bilan majmuada,Блокаторы кальциевых каналов в комбинации с диуретиками
C08GA01,Nifedipin diuretiklar bilan majmuada,Нифедипин в комбинации с диуретиками
C08GA02,Amlodipin diuretiklar bilan majmuada,Амлодипин в комбинации с диуретиками
C09AA,AAF ingibitorlari,Ингибиторы АПФ
C09AA01,Kaptopril,Каптоприл
C09AA02,Enalapril,Эналаприл
C09AA03,Lizinopril,Лизиноприл
C09AA04,Perindopril,Периндоприл
C09AA05,Ramipril,Рамиприл
C09AA06,Xinapril,Хинаприл
C09AA07,Benazepril,Беназеприл
C09AA08,Silazapril,Цилазаприл
C09AA09,Fozinopril,Фозиноприл
C09AA10,Trandolapril,Трандолаприл
C09AA11,Spirapril,Спираприл
C09AA12,Delapril,Делаприл
C09AA13,Moeksipril,Моэксиприл
C09AA14,Temokapril,Темокаприл
C09AA15,Zofenopril,Зофеноприл
C09AA16,Imidapril,Имидаприл
C09BA,AAF ingibitorlari diuretiklar bilan majmuada,Ингибиторы АПФ в комбинации с диуретиками
C09BA01,Kaptopril va diuretiklar,Каптоприл и диуретики
C09BA02,Enalapril va diuretiklar,Эналаприл и диуретики
C09BA03,Lizinopril va diuretiklar,Лизиноприл и диуретики
C09BA04,Perindopril va diuretiklar,Периндоприл и диуретики
C09BA05,Ramipril va diuretiklar,Рамиприл и диуретики
C09BA06,Xinapril va diuretiklar,Хинаприл и диуретики
C09BA07,Benazepril va diuretiklar,Беназеприл и диуретики
C09BA08,Silazapril va diuretiklar,Цилазаприл и диуретики
C09BA09,Fozinopril va diuretiklar,Фозиноприл и диуретики
C09BA12,Delapril va diuretiklar,Делаприл и диуретики
C09BA13,Moeksipril va diuretiklar,Моэксиприл и диуретики
C09BA15,Zofenopril va diuretiklar,Зофеноприл и диуретики
C09BB,AAF ingibitorlari kalsiy kanallar blokatorlari bilan majmuada,Ингибиторы АПФ в комбинации с блокаторами кальциевых каналов
C09BB02,Lerkanidipin va enalapril,Лерканидипин и эналаприл
C09BB03,Lizinopril va amlodipin,Лизиноприл и амлодипин
C09BB04,Amlodipin va perindopril,Амлодипин и периндоприл
C09BB05,Ramipril va felodipin,Рамиприл и фелодипин
C09BB07,Amlodipin + Ramipril,Амлодипин + Рамиприл
C09BB10,Verapamil va trandolapril,Верапамил и трандолаприл
C09BB12,Delapril va manipidin,Делаприл и манипидин
C09BX,AAF ingibitorlari boshqa vositalar bilan majmuada,Ингибиторы АПФ в комбинации со средствами
C09BX01,"Amlodipin, indapamid va perindopril","Амлодипин, индапамид и периндоприл"
C09CA,Angiotenzin II retseptorlari antagonistlari,Антагонисты рецепторов ангиотензина II
C09CA01,Lozartan,Лозартан
C09CA02,Eprosartan,Эпросартан
C09CA03,Valsartan,Валсартан
C09CA04,Irbesartan,Ирбесартан
C09CA05,Tazosartan,Тазосартан
C09CA06,Kandesartan,Кандесартан
C09CA07,Telmisartan,Телмисартан
C09CA08,Olmesartan,Олмесартан
C09CA09,Azilsartan medoksomil,Азилсартан медоксомил
C09CA10,Fimasartan,Фимасартан
C09DA,Angiotenzin II retseptorlari antagonistlari boshqa vositalar bilan majmuada,Антагонисты рецепторов ангиотензина II в комбинации с диуретиками
C09DA01,Lozartan va diuretiklar,Лозартан и диуретики
C09DA02,Eprosartan va diuretiklar,Эпросартан и диуретики
C09DA03,Valsartan va diuretiklar,Валсартан и диуретики
C09DA04,Irbesartan va diuretiklar,Ирбесартан и диуретики
C09DA06,Kandesartan va diuretiklar,Кандесартан и диуретики
C09DA07,Telmisartan va diuretiklar,Телмисартан и диуретики
C09DA08,Olmesartan medoksomil diuretiklar bilan majmuada,Олмеcартана медоксомил в комбинации с диуретиками
C09DA09,Azilsartan medoksomil va diuretiklar,Азилсартана медоксомил и диуретики
C09DB,Angiotenzin II retseptorlari antagonistlari boshqa vositalar bilan majmuada,Антагонисты рецепторов ангиотензина II в комбинации с блокаторами кальциевых каналов
C09DB01,Amlodipin va valsartan,Амлодипин и валсартан
C09DB02,Amlodipin va olmesartana medoksomil,Амлодипин и олмесартана медоксомил
C09DB04,Amlodipin va telmisartan,Амлодипин и телмисартан
C09DB05,Amlodipin va irbesartan,Амлодипин и ирбесартан
C09DB06,Amlodipin va lozartan,Амлодипин и лозартан
C09DB07,Amlodipin va kandesartan,Амлодипин и кандесартан
C09DB08,Valsartan va lerkanidipin,Валсартан и лерканидипин
C09DX,Angiotenzin II retseptorlari antagonistlari boshqa vositalar bilan majmuada,Антагонисты рецепторов ангиотензина II в комбинации со средствами
C09DX01,Amlodipin va valsartan va gidroxlorotiazid,Амлодипин и валсартан и гидрохлоротиазид
C09DX02,Aliskiren va valsartan,Алискирен и валсартан
C09DX03,"Amlodipin, gidroxlorotiazid va olmesartana medoksomil","Амлодипин, гидрохлоротиазид и олмесартана медоксомил"
C09DX04,Valsartan va sakubitril,Валсартан и сакубитрил
C09XA,Renin ingibitorlari,Ингибиторы ренина
C09XA01,Remikiren,Ремикирен
C09XA02,Aliskiren,Алискирен
C09XA52,Aliskiren va gidroxlorotiazid,Алискирен и гидрохлоротиазид
C09XA53,Aliskiren va amlodipin,Алискирен и амлодипин
C09XA54,"Aliskiren, amlodipin va gidroxlorotiazid","Алискирен, амлодипин и гидрохлоротиазид"
C10AA,GMG-KoA-reduktazaa ingibitorlari,Ингибиторы ГМГ-КоА-редуктазаы
C10AA01,Simvastatin,Симвастатин
C10AA02,Lovastatin,Ловастатин
C10AA03,Pravastatin,Правастатин
C10AA04,Fluvastatin,Флувастатин
C10AA05,Atorvastatin,Аторвастатин
C10AA06,Serivastatin,Церивастатин
C10AA07,Rozuvastatin,Розувастатин
C10AA08,Pitavastatin,Питавастатин
C10AA51,Simvastatin (majmualangan qadoqda),Симвастатин (комбинированные упаковки)
C10AA52,Lovastatin boshqa vositalar bilan majmuada,Ловастатин в комбинации со средствами
C10AA53,Pravastatin boshqa vositalar bilan majmuada,Правастатин в комбинации со средствами
C10AA55,Atorvastatin boshqa vositalar bilan majmuada,Аторвастатин в комбинации со средствами
C10AB,Fibratlar,Фибраты
C10AB01,Klofibrat,Клофибрат
C10AB02,Bezafibrat,Безафибрат
C10AB03,Alyuminy klofibrat,Алюминия клофибрат
C10AB04,Gemfibrozil,Гемфиброзил
C10AB05,Fenofibrat,Фенофибрат
C10AB06,Simfibrat,Симфибрат
C10AB07,Ronifibrat,Ронифибрат
C10AB08,Siprofibrat,Ципрофибрат
C10AB09,Etofibrat,Этофибрат
C10AB10,Klofibrid,Клофибрид
C10AB11,Xolinay fenofibrati,Холина фенофибрат
C10AC,Oʻt kislotalari sekvestrantlari,Секвестранты желчных кислот
C10AC01,Kolestiramin,Колестирамин
C10AC02,Kolestipol,Колестипол
C10AC03,Detakstran,Детакстран
C10AC04,Kolezevelam,Колезевелам
C10AD,Nikotin kislotasi va uning hosilalari,Никотиновая кислота и ее производные
C10AD01,Nitseritrol,Ницеритрол
C10AD02,Nikotin kislotasi,Никотиновая кислота
C10AD03,Nikofuranoza,Никофураноза
C10AD04,Alyuminy nikotinati,Алюминия никотинат
C10AD05,Nikotin spirti (piridilkarbinol),Никотиниловый спирт (пиридилкарбинол)
C10AD06,Asipimoks,Аципимокс
C10AD52,Nikotin kislotasi boshqa preparatlari bilan majmuada,Никотиновая кислота в комбинации с другими препаратами
C10AX,Boshqa gipolipidemik vositalar,Другие гиполипидемические средства
C10AX01,Dekstrotiroksin,Декстротироксин
C10AX02,Probukol,Пробукол
C10AX03,Tiadenol,Тиаденол
C10AX05,Meglutol,Меглутол
C10AX06,"Omega-3 triglitseridlari, jumladan boshqa efirlar va kislotalar","Омега-3 триглицериды, включая другие эфиры и кислоты"
C10AX07,Magniy piridoksal-5-fosfat glutamat,Магния пиридоксаль-5-фосфат глутамат
C10AX08,Polikosanol,Поликосанол
C10AX09,Ezetimib,Эзетимиб
C10AX10,Alipogen tiparvovek,Алипоген типарвовек
C10AX11,Mipomersen,Мипомерсен
C10AX12,Lomitapid,Ломитапид
C10AX13,Evolokumab,Эволокумаб
C10AX14,Alirokumab,Алирокумаб
C10BA,GMG-KoA-reduktaza ingibitorlari boshqa gipolipidemik vositalar bilan majmuada,Ингибиторы ГМГ-КоА-редуктазаы в комбинации с другими гиполипидемическими средствами
C10BA01,Lovastatin va nikotinov kislotasi,Ловастатин и никотиновая кислота
C10BA02,Simvastatin va ezetimib,Симвастатин и эзетимиб
C10BA03,Pravastatin va fenofibrat,Правастатин и фенофибрат
C10BA04,Simvastatin va fenofibrat,Симвастатин и фенофибрат
C10BA05,Atorvastatin va ezetimib,Аторвастатин и эзетимиб
C10BA06,Ezetimib va rozuvastatin,Эзетимиб и розувастатин
C10BX,GMG-KoA-reduktaza ingibitorlari boshqa gipolipidemik vositalar bilan majmuada,Ингибиторы ГМГ-КоА-редуктазаы в комбинации со средствами
C10BX01,Asetilsalitsil kislotasi va simvastatin,Ацетилсалициловая кислота и симвастатин
C10BX02,Asetilsalitsil kislotasi va pravastatin,Ацетилсалициловая кислота и правастатин
C10BX03,Amlodipin va atorvastatin,Амлодипин и аторвастатин
C10BX04,"Simvastatin, atsetilsalitsil kislotasi va ramiprilin","Симвастатин, ацетилсалициловая кислота и рамиприлн"
C10BX05,"Rozuvastatin, atsetilsalitsil kislotasi","Розувастатин, ацетилсалициловая кислота"
C10BX06,"Atorvastatin, atsetilsalitsil kislotasi va ramipril","Аторвастатин, ацетилсалициловая кислота и рамиприл"
C10BX07,"Rozuvastatin, amlodipin va lizinopril","Розувастатин, амлодипин и лизиноприл"
C10BX08,Atorvastatin i atsetilsalitsil kislotasi,Аторвастатин и ацетилсалициловая кислота
C10BX09,Amlodipin va rozuvastatin,Амлодипин и розувастатин
C10BX10,Rozuvastatin va valsartan,Розувастатин и валсартан
C10BX11,"Atorvastatin, amlodipin va perindopril","Аторвастатин, амлодипин и периндоприл"
C10BX12,"Atorvastatin, atsetilsalitsil kislotasi va perindopril","Аторвастатин, ацетилсалициловая кислота и периндоприл"
D01AA,Zamburugʻlarga qarshi antibiotiklar,Противогрибковые антибиотики
D01AA01,Nistatin,Нистатин
D01AA02,Natamitsin,Натамицин
D01AA03,Gaximitsin,Гахимицин
D01AA04,Petsilotsin,Пецилоцин
D01AA06,Mepartritsin,Мепартрицин
D01AA07,Pirrolnitrin,Пирролнитрин
D01AA08,Grizeofulvin,Гризеофульвин
D01AA20,Zamburugʻlarga qarshi antibiotiklar majmuada,Противогрибковые антибиотики в комбинации
D01AC,Imidazol va triazol hosilalari,Производные имидазола и триазола
D01AC01,Klotrimazol,Клотримазол
D01AC02,Mikonazol,Миконазол
D01AC03,Ekonazol,Эконазол
D01AC04,Klomidazol,Кломидазол
D01AC05,Izokonazol,Изоконазол
D01AC06,Tiabendazol,Тиабендазол
D01AC07,Tiokonazol,Тиоконазол
D01AC08,Ketokonazol,Кетоконазол
D01AC09,Sulkonazol,Сульконазол
D01AC10,Bifonazol,Бифоназол
D01AC11,Oksikonazol,Оксиконазол
D01AC12,Fentikonazol,Фентиконазол
D01AC13,Omokonazol,Омоконазол
D01AC14,Sertakonazol,Сертаконазол
D01AC15,Flukonazol,Флуконазол
D01AC16,Flutrimazol,Флутримазол
D01AC17,Eberkonazol,Эберконазол
D01AC18,Lulikonazol,Луликоназол
D01AC19,Efinakonazol,Эфинаконазол
D01AC20,Iimidazol hosilalari majmuada,Имидазола производные в комбинации
D01AC52,Mikonazol hosilalari bilan majmuada,Миконазол в комбинации со средствами
D01AC60,Bifonazol hosilalari bilan majmuada,Бифоназол в комбинации со средствами
D01AE,Mahalliy qoʻllash uchun boshqa zamburugʻlarga qarshi preparatlar,Другие противогрибковые препараты для местного применения
D01AE01,Bromoxlorosalitsilanilin,Бромохлоросалициланилин
D01AE02,Metilrozanilin,Метилрозанилин
D01AE03,Tribromometakrezol,Трибромометакрезол
D01AE04,Undetsilen kislotasi,Ундециленовая кислота
D01AE05,Polinoksilin,Полиноксилин
D01AE06,2-(4-xlorfenoksi)-etanol,2-(4-хлорфенокси)-этанол
D01AE07,Xlorfenezin,Хлорфенезин
D01AE08,Tiklaton,Тиклатон
D01AE09,Sulbentin,Сульбентин
D01AE10,Etil gy preparatlari,Этил гидроксибензоат
D01AE11,Galoprogin,Галопрогин
D01AE12,Salitsil kislotasi,Салициловая кислота
D01AE13,Selen sulfid,Селена сульфид
D01AE14,Siklopiroks,Циклопирокс
D01AE15,Terbinafin,Тербинафин
D01AE16,Amorolfin,Аморолфин
D01AE17,Dimazol,Димазол
D01AE18,Tolnaftat,Толнафтат
D01AE19,Tolsiklat,Толциклат
D01AE20,Mahalliy qoʻllash uchun boshqa zamburugʻlarga qarshi preparatlar majmuada,Противогрибковые препараты для местного назначения другие в комбинации
D01AE21,Flutsitozin,Флуцитозин
D01AE22,Naftifin,Нафтифин
D01AE23,Butenafin,Бутенафин
D01AE54,Undetsilen kislotasi boshqa vositalar bilan majmuada,Ундециленовая кислота в комбинации со средствами
D01BA,Tizimli qoʻllash uchun zamburugʻlarga qarshi preparatlar,Противогрибковые препараты системного действия
D01BA01,Grizeofulvin,Гризеофульвин
D01BA02,Terbinafin,Тербинафин
D02AE,Mochevina preparatlari,Препараты мочевины
D02AE01,Mochevina peroksidi,Мочевины пероксид
D02AE51,Mochevina boshqa vositalar bilan majmuada,Мочевина в комбинации со средствами
D02BA,Mahalliy qoʻllash uchun ultrabinafsha nurlanishdan himoyaluvchi preparatlar,Препараты защищающие от ультрафиолетового излучения для местного применения
D02BA01,Aminobenzoy kislotasi,Аминобензойная кислота
D02BA02,Oktil metoksitsinnamat,Октил метоксициннамат
D02BB,Mahalliy qoʻllash uchun ultrabinafsha nurlanishdan himoyaluvchi preparatlar,"Препараты защищающие от ультрафиолетового излучения, системного действия"
D02BB01,Betakaroten,Бетакаротен
D03AX,Normal chandiqlanishga olib keluvchi boshqa preparatlar,"Другие препараты, способствующие нормальному рубцеванию"
D03AX01,Kadeksomera yodin,Кадексомера йодин
D03AX02,Dekstranomer,Декстраномер
D03AX03,Dekspantenol,Декспантенол
D03AX04,Kalsiy pantotenat,Кальция пантотенат
D03AX05,Gialuron kislotasi,Гиалуроновая кислота
D03AX06,Bekaplermin,Бекаплермин
D03AX09,Krilanomer,Криланомер
D03AX10,Enoksolon,Эноксолон
D03AX11,Xlorit natriy,Хлорит натрия
D03AX12,Trolamin,Троламин
D03AX13,Oq qayin poʻstlogʻi,Кора березы
D03BA,Proteolitik fermentlar,Протеолитические ферменты
D03BA01,Tripsin,Трипсин
D03BA02,Kollagenaza,Коллагеназа
D03BA03,Kollagenaza,Коллагеназа
D03BA52,Kollagenaza boshqa vositalar bilan majmuada,Коллагеназа в комбинации со средствами
D04AA,Tashqi qoʻllash uchun antigistamin preparatlar,Антигистаминные препараты для наружного применения
D04AA01,Tonzilamin,Тонзиламин
D04AA02,Mepiramin,Мепирамин
D04AA03,Tenalidin,Теналидин
D04AA04,Tripelennamin,Трипеленнамин
D04AA09,Xloropiramin,Хлоропирамин
D04AA10,Prometazin,Прометазин
D04AA12,Tolpropamin,Толпропамин
D04AA13,Dimetinden,Диметинден
D04AA14,Klemastin,Клемастин
D04AA15,Bamipin,Бамипин
D04AA16,Feniramin,Фенирамин
D04AA22,Izotipendil,Изотипендил
D04AA32,Difengidramin,Дифенгидрамин
D04AA33,Difengidramin metilbromidi,Дифенгидрамина метилбромид
D04AA34,Xlorfenoksamin,Хлорфеноксамин
D04AB,Tashqi qoʻllash uchun mahalliy anestiklar,Местные анестетики для наружного применения
D04AB01,Lidokain,Лидокаин
D04AB02,Sinxokain,Цинхокаин
D04AB03,Oksibuprokain,Оксибупрокаин
D04AB04,Benzokain,Бензокаин
D04AB05,Xinizokain,Хинизокаин
D04AB06,Tetrakain,Тетракаин
D04AB07,Pramokain,Прамокаин
D05AC,Antratsen hosilalari,Производные антрацена
D05AC01,Ditranol,Дитранол
D05AC51,Ditranol boshqa vositalar bilan majmuada,Дитранол в комбинации со средствами
D05AD,Sirtga qoʻllash uchun psoralenlar,Псоралены для наружного применения
D05AD01,Trioksizalen,Триоксизален
D05AD02,Metoksalen,Метоксален
D05AX,Sirtga qoʻllash uchun psoriazni davolash uchun boshqa preparatlar,Другие препараты для лечения псориаза для наружного применения
D05AX01,Fumarov kislotasi,Фумаровая кислота
D05AX02,Kalsipotriol,Кальципотриол
D05AX03,Kalsitriol,Кальцитриол
D05AX04,Takalsitol,Такальцитол
D05AX05,Tazaroten,Тазаротен
D05AX52,Kalsipotriol boshqa vositalar bilan majmuada,Кальципотриол в комбинации со средствами
D05BA,Tizimli taʼsirga ega psoralenlar,Псоралены системного действия
D05BA01,Trioksizalen,Триоксизален
D05BA02,Metoksalen,Метоксален
D05BA03,Bergapten,Бергаптен
D05BB,Psoriazni davolash uchun retinoidlar,Ретиноиды для лечения псориаза
D05BB01,Etretinat,Этретинат
D05BB02,Asitretin,Ацитретин
D05BX,Tizimli taʼsirga ega psoriazni davolash uchun boshqa preparatlar,Другие препараты для лечения псориаза системного действия
D05BX51,Fumarov kislotalari hosilalari boshqa vositalar bilan majmuada,Фумаровой кислоты производные в комбинации со средствами
D06AA,Tetratsiklin va uning hosilalari,Тетрациклин и его производные
D06AA01,Demeklotsiklin,Демеклоциклин
D06AA02,Xlortetratsiklin,Хлортетрациклин
D06AA03,Oksitetratsiklin,Окситетрациклин
D06AA04,Tetratsiklin,Тетрациклин
D06AX,Sirtga qoʻllash uchun boshqa antibiotiklar,Другие антибиотики для наружного применения
D06AX01,Fuzidov kislotasi,Фузидовая кислота
D06AX02,Xloramfenikol,Хлорамфеникол
D06AX04,Neomitsin,Неомицин
D06AX05,Batsitratsin,Бацитрацин
D06AX07,Gentamitsin,Гентамицин
D06AX08,Tirotritsin,Тиротрицин
D06AX09,Mupirotsin,Мупироцин
D06AX10,Virginiamitsin,Виргиниамицин
D06AX11,Rifaksimin,Рифаксимин
D06AX12,Amikatsin,Амикацин
D06AX13,Retapamulin,Ретапамулин
D06BA,Sulfanilamidlar,Сульфаниламиды
D06BA01,Kumush sulfadiazini,Сульфадиазин серебра
D06BA02,Kumush sulfatiazoli,Сульфатиазол серебра
D06BA03,Mafenid,Мафенид
D06BA04,Sulfametizol,Сульфаметизол
D06BA05,Sulfanilamid,Сульфаниламид
D06BA06,Sulfamerazin,Сульфамеразин
D06BA51,Sulfadiazin kumushi boshqa vositalar bilan majmuada,Сульфадиазин серебра в комбинации со средствами
D06BB,Viruslarga qarshi preparatlar,Противовирусные препараты
D06BB01,Idoksuridin,Идоксуридин
D06BB02,Tromantadin,Тромантадин
D06BB03,Asiklovir,Ацикловир
D06BB04,Podofillotoksin,Подофиллотоксин
D06BB05,Inozin,Инозин
D06BB06,Pensiklovir,Пенцикловир
D06BB07,Lizotsim,Лизоцим
D06BB08,Ibatsitabin,Ибацитабин
D06BB09,Edoksudin,Эдоксудин
D06BB10,Imiximod,Имихимод
D06BB11,Dokozanol,Докозанол
D06BB12,Sinekatexin,Синекатехин
D06BB53,Asiklovir boshqa vositalar bilan majmuada,Ацикловир в комбинации со средствами
D06BX,Boshqa mikroblarga qarshi preparatlar,Другие противомикробные препараты
D06BX01,Metronidazol,Метронидазол
D06BX02,Ingenol mebutat,Ингенол мебутат
D07AA,Past faollika ega kortikosteroidlar (i guruhi),Кортикостероиды с низкой активностью (группа i)
D07AA01,Metilprednizolon,Метилпреднизолон
D07AA02,Gidrokortizon,Гидрокортизон
D07AA03,Prednizolon,Преднизолон
D07AB,Oʻrtacha faolikka ega kortikosteroidlar (ii guruhi),Кортикостероиды с умеренной активностью (группа ii)
D07AB01,Klobetazon,Клобетазон
D07AB02,Gidrokortizon butirat,Гидрокортизона бутират
D07AB03,Flumetazon,Флуметазон
D07AB04,Fluokortin,Флуокортин
D07AB05,Fluperolon,Флуперолон
D07AB06,Ftormetolon,Фторметолон
D07AB07,Flupredniden,Флупредниден
D07AB08,Desonid,Десонид
D07AB09,Triamsinolon,Триамцинолон
D07AB10,Alklometazon,Алклометазон
D07AB11,Gidrokortizon buteprat,Гидрокортизона бутепрат
D07AB19,Deksametazon,Дексаметазон
D07AB21,Klokortolon,Клокортолон
D07AB30,Mahalliy buyurish uchun glyukokortikosteroidlar bilan majmuada,Глюкокортикостероиды для местного назначения в комбинации
D07AC,Yuqori faolikka ega kortikosteroidlar (III guruhi),Кортикостероиды с высокой активностью (группа III)
D07AC01,Betametazon,Бетаметазон
D07AC02,Fluklorolon,Флуклоролон
D07AC03,Dezoksimetazon,Дезоксиметазон
D07AC04,Fluotsinolon atsetonid,Флуоцинолона ацетонид
D07AC05,Fluokortolon,Флуокортолон
D07AC06,Diflukortolon,Дифлукортолон
D07AC07,Fludroksikortid,Флудроксикортид
D07AC08,Fluotsinonid,Флуоцинонид
D07AC09,Budesonid,Будесонид
D07AC10,Diflorazon,Дифлоразон
D07AC11,Amsinonid,Амцинонид
D07AC12,Galometazon,Галометазон
D07AC13,Mometazon,Мометазон
D07AC14,Metilprednizolon atseponati,Метилпреднизолона ацепонат
D07AC15,Beklometazon,Беклометазон
D07AC16,Gidrokortizon atseponat,Гидрокортизона ацепонат
D07AC17,Flutikazon,Флутиказон
D07AC18,Prednikarbat,Предникарбат
D07AC19,Difluprednat,Дифлупреднат
D07AC21,Ulobetazol,Улобетазол
D07AD,Juda yuqori faolikka ega kortikosteroidlar (iv guruhi),Кортикостероиды с очень высокой активностью (группа iv)
D07AD01,Klobetazol,Клобетазол
D07AD02,Galsinonid,Галцинонид
D07BA,Past faollika ega kortikosteroidlar antiseptiklar bilan majmuada,Кортикостероиды с низкой активностью в комбинации с антисептиками
D07BA01,Prednizolon va antiseptiklar,Преднизолон и антисептики
D07BA04,Gidrokortizon va antiseptiklar,Гидрокортизон и антисептики
D07BB,Oʻrtacha faolikka ega kortikosteroidlar antiseptiklar bilan majmuada,Кортикостероиды с умеренной активностью в комбинации с антисептиками
D07BB01,Flumetazon va antiseptiklar,Флуметазон и антисептики
D07BB02,Desonid va antiseptiklar,Десонид и антисептики
D07BB03,Triamsinolon va antiseptiklar,Триамцинолон и антисептики
D07BB04,Gidrokortizon butirat antiseptiklar bilan majmuada,Гидрокортизона бутират в комбинации с антисептиками
D07BC,Yuqori faolikka ega kortikosteroidlar antiseptiklar bilan majmuada,Кортикостероиды с высокой активностью в комбинации с антисептиками
D07BC01,Betametazon va antiseptiklar,Бетаметазон и антисептики
D07BC02,Fluotsinolon antiseptiklar bilan majmuada,Флуоцинолон в комбинации с антисептиками
D07BC03,Fluokortolon va antiseptiklar,Флуокортолон и антисептики
D07BC04,Diflukortolon va antiseptiklar,Дифлукортолон и антисептики
D07CA,Past faollika ega kortikosteroidlar antibiotiklar bilan majmuada,Кортикостероиды с низкой активностью в комбинации с антибиотиками
D07CA01,Gidrokortizon va antibiotiklar,Гидрокортизон и антибиотики
D07CA02,Metilprednizolon antibiotiklar bilan majmuada,Метилпреднизолон в комбинации с антибиотиками
D07CA03,Prednizolon va antibiotiklar,Преднизолон и антибиотики
D07CB,Oʻrtacha faolikka ega kortikosteroidlar antibiotiklar bilan majmuada,Кортикостероиды с умеренной активностью в комбинации с антибиотиками
D07CB03,Ftormetolon va antibiotiklar,Фторметолон и антибиотики
D07CB04,Deksametazon va antibiotiklar,Дексаметазон и антибиотики
D07CB05,Flumetazon va antibiotiklar,Флуметазон и антибиотики
D07CC,Кортикостероиды с высокой активностью в комбинации с антибиотиками,Кортикостероиды с высокой активностью в комбинации с антибиотиками
D07CC01,Betametazon va antibiotiklar,Бетаметазон и антибиотики
D07CC02,Fluotsinolon atsetonid va antibiotiklar,Флуоцинолона ацетонид и антибиотики
D07CC03,Fludroksikortid va antibiotiklar,Флудроксикортид и антибиотики
D07CC04,Beklometazon va antibiotiklar,Беклометазон и антибиотики
D07CC05,Fluotsinonid va antibiotiklar,Флуоцинонид и антибиотики
D07CC06,Fluokortolon antibiotiklar bilan majmuada,Флуокортолон в комбинации с антибиотиками
D07CD,Juda yuqori faolikka ega kortikosteroidlar antibiotiklar bilan majmuada,Кортикостероиды с очень высокой активностью в комбинации с антибиотиками
D07CD01,Klobetazol antibiotiklar bilan majmuada,Клобетазол в комбинации с антибиотиками
D07XA,Past faollika ega kortikosteroidlar boshqa vositalar bilan majmuada,Кортикостероиды с низкой активностью в комбинации со средствами
D07XA01,Gidrokortizon boshqa vositalar bilan majmuada,Гидрокортизон в комбинации со средствами
D07XA02,Prednizolon boshqa vositalar bilan majmuada,Преднизолон в комбинации со средствами
D07XB,Oʻrtacha faolikka ega kortikosteroidlar boshqa vositalar bilan majmuada,Кортикостероиды с умеренной активностью в комбинации со средствами
D07XB01,Flumetazon boshqa vositalar bilan majmuada,Флуметазон в комбинации со средствами
D07XB02,Triamsinolon boshqa vositalar bilan majmuada,Триамцинолон в комбинации со средствами
D07XB03,Flupredniden boshqa vositalar bilan majmuada,Флупредниден в комбинации со средствами
D07XB04,Ftormetolon boshqa vositalar bilan majmuada,Фторметолон в комбинации со средствами
D07XB05,Deksametazon boshqa vositalar bilan majmuada,Дексаметазон в комбинации со средствами
D07XB30,Majmualangan glyukokortikosteroidlar boshqa vositalar bilan majmuada,Глюкокортикостероидов комбинация в комбинации со средствами
D07XC,Yuqori faolikka ega kortikosteroidlar boshqa vositalar bilan majmuada,Кортикостероиды с высокой активностью в комбинации со средствами
D07XC01,Betametazon boshqa vositalar bilan majmuada,Бетаметазон в комбинации со средствами
D07XC02,Dezoksimetazon boshqa vositalar bilan majmuada,Дезоксиметазон в комбинации со средствами
D07XC03,Mometazon boshqa vositalar bilan majmuada,Мометазон в комбинации со средствами
D07XC04,Diflukortolon,Дифлукортолон
D08AA,Akridin hosilalari,Производные акридина
D08AA01,Etakridin,Этакридин
D08AA02,Aminoakridin,Аминоакридин
D08AA03,Euflavin,Эуфлавин
D08AC,Biguanidlar va amidinlar,Бигуаниды и амидины
D08AC01,Dibromopropamidin,Дибромопропамидин
D08AC02,Xlorgeksidin,Хлоргексидин
D08AC03,Propamidin,Пропамидин
D08AC04,Geksamidin,Гексамидин
D08AC05,Poligeksanid,Полигексанид
D08AC52,Xlorgeksidin boshqa vositalar bilan majmuada,Хлоргексидин в комбинации со средствами
D08AE,Fenol va uning hosilalari,Фенол и его производные
D08AE01,Geksaxlorofen,Гексахлорофен
D08AE02,Polikrezulen,Поликрезулен
D08AE03,Fenol,Фенол
D08AE04,Triklozan,Триклозан
D08AE05,Xloroksilenol,Хлороксиленол
D08AF,Nitrofuran hosilalari,Производные нитрофурана
D08AF01,Nitrofural,Нитрофурал
D08AG,Yod preparatlari,Препараты йода
D08AG01,Yod/oktilfenoksipoliglikolefir,Йод/октилфеноксиполигликолэфир
D08AG02,Povidon-yodi,Повидон-йод
D08AG03,Yod,Йод
D08AG04,Diyodogidroksipropan,Дийодогидроксипропан
D08AH,Xinolin hosilalari,Производные хинолина
D08AH01,Dekvaly preparatlari,Деквалиния хлорид
D08AH02,Xlorxinaldol,Хлорхинальдол
D08AH03,Oksixinolin,Оксихинолин
D08AH30,Klioxinol,Клиохинол
D08AJ,Toʻrtlamchi ammoniy birikmalari,Четвертичные аммониевые соединения
D08AJ01,Benzalkoniy xloridi,Бензалкония хлорид
D08AJ02,Setrimoniy xloridi,Цетримония хлорид
D08AJ03,Setilpiridiniy xloridi,Цетилпиридиния хлорид
D08AJ04,Setrimid,Цетримид
D08AJ05,Benzoksoniy xloridi,Бензоксония хлорид
D08AJ06,Didetsildimetilammoniy xloridi,Дидецилдиметиламмония хлорид
D08AJ08,Benzetoniy xloridi,Бензетония хлорид
D08AJ10,Dekametoksin,Декаметоксин
D08AJ57,Oktenidin boshqa vositalar bilan majmuada,Октенидин в комбинации со средствами
D08AJ58,Benzetoniy xloridi,Бензетония хлорид
D08AJ59,Dodekloniy bromidi boshqa vositalar bilan majmuada,Додеклония бромид в комбинации со средствами
D08AK,Simob preparatlari,Препараты ртути
D08AK01,Simob amidoxloridi,Ртути амидохлорид
D08AK02,Fenilmerkurborat,Фенилмеркурборат
D08AK03,Simob xloridi,Ртути хлорид
D08AK04,Merkuxrom,Меркухром
D08AK05,Metalli simob,Ртуть металлическая
D08AK06,Tiomersal,Тиомерсал
D08AK30,Simob yodidi,Ртути йодид
D08AL,Kumush birikmalari,Соединения серебра
D08AL01,Kumush nitrati,Серебра нитрат
D08AL30,Kumush,Серебро
D08AX,Boshqa antiseptiklar va dezinfeksiyalovchi vositalar,Другие антисептики и дезинфицирующие средства
D08AX01,Vodorod peroksidi,Водорода пероксид
D08AX02,Eozin,Эозин
D08AX03,Propanol,Пропанол
D08AX04,Tozilxloramid natriy,Тозилхлорамид натрия
D08AX05,Izopropanol,Изопропанол
D08AX06,Kaliy permanganati,Калия перманганат
D08AX07,Natriy gipoxloriti,Натрия гипохлорит
D08AX08,Etanol,Этанол
D08AX53,Propanol boshqa vositalar bilan majmuada,Пропанол в комбинации со средствами
D09AA,Mikroblarga qarshi vositalar bilan surtmali bogʻlovlar,Мазевые повязки с противомикробными средствами
D09AA01,Framitsetin,Фрамицетин
D09AA02,Fuzid kislotasi,Фузидовая кислота
D09AA03,Nitrofural,Нитрофурал
D09AA04,Fenilmerkuriy nitrat,Фенилмеркурия нитрат
D09AA05,Benzododetsin xloridi,Бензододециния хлорид
D09AA06,Triklozan,Триклозан
D09AA07,Setilpenidin xloridi,Цетилпенидиния хлорид
D09AA08,Alyuminiy xrorogidrat,Алюминия хророгидрат
D09AA09,Povidon-yodi,Повидон-йод
D09AA10,Klioxinol,Клиохинол
D09AA11,Benzalkoniy xloridi,Бензалкония хлорид
D09AA12,Xlorgeksidin,Хлоргексидин
D09AA13,Yodoform,Йодоформ
D09AB,Sink preparatlari bilan bintlar,Бинты с препаратами цинка
D09AB01,Ortiqcha qoʻshimchalarisiz ruh preparatli bintlar,Бинты с препаратами цинка без дополнительных добавок
D09AB02,Ortiqcha qoʻshimchalarisiz ruh preparatli bintlar,Бинты с препаратами цинка с дополнительными добавками
D10AA,Husnbuzar toshmalarini davolash uchun kortikosteroidlar boshqa vositalar bilan majmuada,Кортикостероиды в комбинации со средствами для лечения угревой сыпи
D10AA01,Ftormetolon,Фторметолон
D10AA02,Metilprednizolon,Метилпреднизолон
D10AA03,Deksametazon,Дексаметазон
D10AB,Oltingugurt saqlovchi preparatlar,Серосодержащие препараты
D10AB01,Bitionol,Битионол
D10AB02,Oltingugurt,Сера
D10AB03,Tioksolon,Тиоксолон
D10AB05,Mesulfen,Месульфен
D10AD,Sirtga qoʻllash uchun husnbuzar toshmalarini davolash uchun retinoidlar,Ретиноиды для лечения угревой сыпи для наружного применения
D10AD01,Tretinoin,Третиноин
D10AD02,Retinol,Ретинол
D10AD03,Adapalen,Адапален
D10AD04,Izotretinoin,Изотретиноин
D10AD05,Motretinid,Мотретинид
D10AD51,Tretinoin boshqa vositalar bilan majmuada,Третиноин в комбинации со средствами
D10AD53,majmualangan Adapalen,Адапален в комбинации
D10AD54,Izotretinoin boshqa vositalar bilan majmuada,Изотретиноин в комбинации со средствами
D10AE,Peroksidlar,Пероксиды
D10AE01,Benzoil peroksidi,Бензоила пероксид
D10AE51,Benzoil peroksidi boshqa vositalar bilan majmuada,Бензоила пероксид в комбинации со средствами
D10AF,Husnbuzar toshmalarini davolash uchun mikroblarga qarshi preparatlar,Противомикробные препараты для лечения угревой сыпи
D10AF01,Klindamitsin,Клиндамицин
D10AF02,Eritromitsin,Эритромицин
D10AF03,Xloramfenikol,Хлорамфеникол
D10AF04,Meklotsiklin,Меклоциклин
D10AF05,Nadifloksatsin,Надифлоксацин
D10AF06,Sulfatsetamid,Сульфацетамид
D10AF51,Klindamitsin boshqa vositalar bilan majmuada,Клиндамицин в комбинации со средствами
D10AF52,Eritromitsin boshqa vositalar bilan majmuada,Эритромицин в комбинации со средствами
D10AX,Sirtga qoʻllash uchun husnbuzar toshmalarini davolash uchun boshqa preparatlar,Другие препараты для лечения угревой сыпи для наружного применения
D10AX01,Alyuminiy xloridi,Алюминия хлорид
D10AX02,Rezorsinol monoatsetati,Резорцинола моноацетат
D10AX03,Azelain kislotasi,Азелаиновая кислота
D10AX04,Alyuminiy oksidi,Алюминия оксид
D10AX30,Boshqa majmualangan husnbuzar toshmalarni davolash uchun mahalliy buyurish uchun preparatlar,Препараты для лечения угревой сыпи для местного назначения комбинированные прочие
D10BA,Husnbuzar toshmalarini davolash uchun retinoidlar,Ретиноиды для лечения угревой сыпи
D10BA01,Izotretinoin,Изотретиноин
D10BX,Tizimli taʼsirga ega husnbuzar toshmalarini davolash uchun boshqa preparatlar,Другие препараты для лечения угревой сыпи системного действия
D10BX01,Ixtammol,Ихтаммол
D11AC,Davolovchi shampunlar,Лечебные шампуни
D11AC01,Setrimid,Цетримид
D11AC02,Kamdiya preparatlari,Препараты кадмия
D11AC03,Selen preparatlari,Препараты селена
D11AC06,Povidon-yodi,Повидон-йод
D11AC08,Oltingugurt preparatlari,Препараты серы
D11AC09,Ksenisalat,Ксенисалат
D11AC30,Boshqa davolovchi taʼsirga ega shampunlar,Шампуни лечебного действия другие
D11AE,Tizimli qoʻllash uchun androgenlar,Андрогены для местного применения
D11AE01,Metandiyenon,Метандиенон
D11AH,"Kortikosteroidlardan tashqari, dermatitni davolash uchun preparatlar","Препараты для лечения дерматита, кроме кортикостероидов"
D11AH01,Takrolimus,Такролимус
D11AH02,Pimekrolimus,Пимекролимус
D11AH03,Kromoglis kislotasi,Кромоглициевая кислота
D11AX,Dermatologiyada qoʻllaniladigan boshqa preparatlar,Прочие препараты применяемые в дерматологии
D11AX01,Minoksidil (mahalliy buyurish uchun),Миноксидил (для местного назначения)
D11AX02,Gamoleno kislotasi,Гамоленовая кислота
D11AX03,Kalsiy glyukonati,Кальция глюконат
D11AX04,Litiy suksinati,Лития сукцинат
D11AX05,Magniy sulfati,Магния сульфат
D11AX06,Mekvinol,Меквинол
D11AX08,Tiratrikol,Тиратрикол
D11AX09,Oksatseprol,Оксацепрол
D11AX10,Finasterid,Финастерид
D11AX11,Gidroxinon,Гидрохинон
D11AX12,Pirition sinki,Пиритион цинка
D11AX13,Monobenzon,Монобензон
D11AX14,Takrolimus,Такролимус
D11AX15,Pimekrolimus,Пимекролимус
D11AX16,Eflornitin,Эфлорнитин
D11AX18,Diklofenak,Диклофенак
D11AX21,Brimonidin,Бримонидин
D11AX22,Ivermektin,Ивермектин
D11AX23,Kaliy aminobenzoati,Аминобензоат калия
D11AX24,Dezoksixol kislotasi,Дезоксихолевая кислота
D11AX52,Gamolenat kislotasi boshqa vositalar bilan majmuada,Гамоленовая кислота в комбинации со средствами
D11AX57,Kollagen boshqa vositalar bilan majmuada,Коллаген в комбинации со средствами
G01AA,Antibiotiklar,Антибиотики
G01AA01,Nistatin,Нистатин
G01AA02,Natamitsin,Натамицин
G01AA03,Amfoteritsin B,Амфотерицин B
G01AA04,Kanditsidin,Кандицидин
G01AA05,Xloramfenikol,Хлорамфеникол
G01AA06,Gaximitsin,Гахимицин
G01AA07,Oksitetratsiklin,Окситетрациклин
G01AA08,Karfetsillin,Карфециллин
G01AA09,Mepartritsin,Мепартрицин
G01AA10,Klindamitsin,Клиндамицин
G01AA11,Pentamitsin,Пентамицин
G01AA51,Nistatin boshqa vositalar bilan majmuada,Нистатин в комбинации со средствами
G01AB,Margimush birikmasi,Соединения мышьяка
G01AB01,Asetarsol,Ацетарсол
G01AC,Xinolon hosilalari,Производные хинолина
G01AC01,Diyodogidroksixinolin,Дийодогидроксихинолин
G01AC02,Klioxinol,Клиохинол
G01AC03,Xlorxinaldol,Хлорхинальдол
G01AC05,Dekvalin xloridi,Деквалиния хлорид
G01AC06,Broksixinolin,Броксихинолин
G01AC30,Oksixinolin,Оксихинолин
G01AD,Organik kislotalar,Органические кислоты
G01AD01,Sut kislotasi,Молочная кислота
G01AD02,Sirka kislotasi,Уксусная кислота
G01AD03,Askorbin kislotasi,Аскорбиновая кислота
G01AE,Sulfanilamidlar,Сульфаниламиды
G01AE01,Sulfatolamid,Сульфатоламид
G01AE10,Sulfonamidlar majmuada,Сульфонамиды в комбинации
G01AF,Imidazol hosilalari,Производные имидазола
G01AF01,Metronidazol,Метронидазол
G01AF02,Klotrimazol,Клотримазол
G01AF04,Mikonazol,Миконазол
G01AF05,Ekonazol,Эконазол
G01AF06,Ornidazol,Орнидазол
G01AF07,Izokonazol,Изоконазол
G01AF08,Tiokonazol,Тиоконазол
G01AF11,Ketokonazol,Кетоконазол
G01AF12,Fentikonazol,Фентиконазол
G01AF13,Azanidazol,Азанидазол
G01AF14,Propenidazol,Пропенидазол
G01AF15,Butokonazol,Бутоконазол
G01AF16,Omokonazol,Омоконазол
G01AF17,Oksikonazol,Оксиконазол
G01AF18,Flutrimazol,Флутримазол
G01AF19,Sertakonazol,Сертаконазол
G01AF20,Imidozol hosilalari majmuada,Имидазола производных комбинация
G01AG,Triazol hosilalari,Производные триазола
G01AG02,Terkonazol,Терконазол
G01AX,Boshqa mikroblarga qarshi preparatlar va antiseptiklar,Другие противомикробные препараты и антисептики
G01AX01,Klodantoin,Клодантоин
G01AX02,Inozin pranobeks,Инозин пранобекс
G01AX03,Polikrezulen,Поликрезулен
G01AX05,Nifuratel,Нифурател
G01AX06,Furazolidon,Фуразолидон
G01AX09,Metilrosanilin,Метилросанилин
G01AX11,Povidon-yodi,Повидон-йод
G01AX12,Siklopiroks,Циклопирокс
G01AX13,Protiofat,Протиофат
G01AX14,Laktobatsillalar,Лактобациллы
G01AX15,Mis usninat,Меди уснинат
G01AX16,Geksetidin,Гексэтидин
G01AX66,Oktenidin boshqa vositalar bilan majmuada,Октенидин в комбинации со средствами
G02AB,Qorakuya alkaloidlari,Алкалоиды спорыньи
G02AB01,Metilergometrin,Метилэргометрин
G02AB02,Shoxkuya alkaloidlari,Спорыньи алкалоиды
G02AB03,Ergometrin,Эргометрин
G02AC,Qorakuya alkaloidlari oksitotsin bilan majmuada va uning analoglari,Алкалоиды спорыньи в комбинации с окситоцином и его аналогами
G02AC01,Metilergometrin va oksitotsin,Метилэргометрин и окситоцин
G02AD,Prostaglandinlar,Простагландины
G02AD01,Dinoprost,Динопрост
G02AD02,Dinoproston,Динопростон
G02AD03,Gemeprost,Гемепрост
G02AD04,Karboprost,Карбопрост
G02AD05,Sulproston,Сульпростон
G02AD06,Mizoprostol,Мизопростол
G02BA,Bachadon ichi kontratseptivlari,Внутриматочные контрацептивы
G02BA01,Plastik spirallari,Спирали пластиковые
G02BA02,Mis saqlovchi plastik spirallari,Спирали пластиковые медьсодержащие
G02BA03,Gestagen saqlovchi plastik spirallar,Спирали пластиковые гестагенсодержащие
G02BB,Intravaginal kontratseptivlari,Интравагинальные контрацептивы
G02BB01,Intravaginal gestogen va estorogen saqlovchi xalqalar,Кольца интравагинальные гестаген- и эстроген-содержащие
G02CA,"Simpatomimetiklar, tokolitik preparatlar","Симпатомиметики, токолитические препараты"
G02CA01,Ritodrin,Ритодрин
G02CA02,Bufenin,Буфенин
G02CA03,Fenoterol,Фенотерол
G02CB,Prolaktin ingibitorlari,Ингибиторы пролактина
G02CB01,Bromokriptin,Бромокриптин
G02CB02,Lizurid,Лизурид
G02CB03,Kabergolin,Каберголин
G02CB04,Xinagolid,Хинаголид
G02CB05,Metergolin,Метэрголин
G02CB06,Tergurid,Тергурид
G02CC,Vaginal yuborish uchun yalligʻlanishga qarshi preparatlar,Противовоспалительные препараты для вагинального введения
G02CC01,Ibuprofen,Ибупрофен
G02CC02,Naproksen,Напроксен
G02CC03,Benzidamin,Бензидамин
G02CC04,Flunoksaprofen,Флуноксапрофен
G02CX,Ginekologiyada qoʻllaniladigan boshqa preparatlar,Прочие препараты применяемые в гинекологии
G02CX01,Atosiban,Атосибан
G02CX03,Oddiy xivchin mevasi ekstrakti,Прутняка обыкновенного плодов экстракт
G02CX04,Klopogon ildizini ekstrakti,Клопогона корневищ экстракт
G03AA,Gestogenlar va estrogenlar fiksatsiyalangan majmualari,Гестагены и эстрогены фиксированные комбинации
G03AA01,Etinodiol va estrogenlar,Этинодиол и эстрогены
G03AA02,Xingestanol va estrogenlar,Хингестанол и эстрогены
G03AA03,Linestrenol va estrogenlar,Линестренол и эстрогены
G03AA04,Megestrol va estrogenlar,Мегэстрол и эстрогены
G03AA05,Noretisteron va estrogenlar,Норэтистерон и эстрогены
G03AA06,Norgestrel va estrogenlar,Норгестрел и эстрогены
G03AA07,Levonorgestrel va estrogenlar,Левоноргестрел и эстрогены
G03AA08,Medroksiprogesteron va estrogenlar,Медроксипрогестерон и эстрогены
G03AA09,Dezogestrel va estrogenlar,Дезогестрел и эстрогены
G03AA10,Gestoden va estrogenlar,Гестоден и эстрогены
G03AA11,Norgestimat va estrogenlar,Норгестимат и эстрогены
G03AA12,Drospirenon va estrogenlar,Дроспиренон и эстрогены
G03AA13,Norelgestromin va estrogenlar,Норэлгестромин и эстрогены
G03AA14,Nomegestrol va estrogenlar,Номегэстрол и эстрогены
G03AA15,Xlormadinon va estrogenlar,Хлормадинон и эстрогены
G03AA16,Diyenogest va etinilestradiol,Диеногест и этинилэстрадиол
G03AB,"Gestogenlar va estrogenlar, sekvensial preparatlari (ketma-ket qoʻllash uchun)","Гестагены и эстрогены, секвенциальные препараты (для последовательного приема)"
G03AB01,Megestrol va estrogenlar,Мегэстрол и эстрогены
G03AB02,Linestrol va estrogenlar,Линестрол и эстрогены
G03AB03,Levonorgestrel va estrogenlar,Левоноргестрел и эстрогены
G03AB04,Noretisteron va estrogenlar,Норэтистерон и эстрогены
G03AB05,Dezogestrel va estrogenlar,Дезогестрел и эстрогены
G03AB06,Gestoden va estrogenlar,Гестоден и эстрогены
G03AB07,Xlormadinon va estrogenlar,Хлормадинон и эстрогены
G03AB08,Diyenogest va estradiol,Диеногест и эстрадиол
G03AC,Gestagenlar,Гестагены
G03AC01,Noretisteron,Норэтистерон
G03AC02,Linestrenol,Линэстренол
G03AC03,Levonorgestrel,Левоноргестрел
G03AC04,Xingestanol,Хингестанол
G03AC05,Megestrol,Мегэстрол
G03AC06,Medroksiprogesteron,Медроксипрогестерон
G03AC07,Norgestriyenon,Норгестриенон
G03AC08,Etonogestrel,Этоногестрел
G03AC09,Dezogestrel,Дезогестрел
G03BA,3-oksoandrost-4-yena hosilalari,Производные 3-оксоандрост-4-ена
G03BA01,Fluoksimesteron,Флуоксиместерон
G03BA02,Metiltestosteron,Метилтестостерон
G03BA03,Testosteron,Тестостерон
G03BB,5-androstan-3-ona hosilalari,Производные 5-андростан-3-она
G03BB01,Mesterolon,Местеролон
G03BB02,Androstanolon,Андростанолон
G03CA,Tabbiy va yarimsentetik estrogenlar,Природные и полусинтетические эстрогены
G03CA01,Etinilestradiol,Этинилэстрадиол
G03CA03,Estradiol,Эстрадиол
G03CA04,Estriol,Эстриол
G03CA06,Xlorotrianizen,Хлоротрианизен
G03CA07,Estron,Эстрон
G03CA09,Promestriyen,Проместриен
G03CA53,Estrogenlar majmuada,Эстрогены в комбинации
G03CA57,Konyugatsiyalangan estrogenlar,Эстрогены конъюгированные
G03CB,Sintetik estrogenlar,Синтетические эстрогены
G03CB01,Diyenestrol,Диенэстрол
G03CB02,Dietilstilbestrol,Диэтилстилбэстрол
G03CB03,Metallenestril,Металленэстрил
G03CB04,Moksestrol,Моксэстрол
G03CC,Estrogenlar boshqa vositalar bilan majmuada,Эстрогены в комбинации со средствами
G03CC02,Diyenestrol,Диенэстрол
G03CC03,Metallenestril,Металленэстрил
G03CC04,Estron,Эстрон
G03CC05,Dietilstilbestrol,Диэтилстилбэстрол
G03CC06,Estriol,Эстриол
G03CC07,Konyugatsiyallangan estrogenlar va bazadoksifen,Конъюгированные эстрогены и базадоксифен
G03CX,Boshqa estrogenlar,Другие эстрогены
G03CX01,Tibolon,Тиболон
G03DA01,Gestonoron kaproat,Гестонорона капроат
G03DA02,Medroksiprogesteron,Медроксипрогестерон
G03DA03,Gidroksiprogesteron,Гидроксипрогестерон
G03DA04,Progesteron,Прогестерон
G03DB,Pregnadiyen hosilalari,Производные прегнадиена
G03DB01,Didrogesteron,Дидрогестерон
G03DB02,Megestrol,Мегэстрол
G03DB03,Medrogeston,Медрогестон
G03DB04,Nomegestrol,Номегэстрол
G03DB05,Demegeston,Демегестон
G03DB06,Xlormadinon,Хлормадинон
G03DB07,Promegeston,Промегестон
G03DB08,Diyenogest,Диеногест
G03DC,Estrogen hosilalari,Производные эстрена
G03DC01,Allilestrenol,Аллилэстренол
G03DC02,Noretisteron,Норэтистерон
G03DC03,Linestrenol,Линэстренол
G03DC04,Etisteron,Этистерон
G03DC05,Tibolon,Тиболон
G03DC06,Etinodiol,Этинодиол
G03DC31,Metilestrenolon,Метилэстренолон
G03EA,Androgenlar va estrogenlar,Андрогены и эстрогены
G03EA01,Metiltestosteron va estrogenlar,Метилтестостерон и эстрогены
G03EA02,Testosteron va estrogenlar,Тестостерон и эстрогены
G03EA03,Prasteron va estrogenlar,Прастерон и эстрогены
G03EK,Androgenlar va ayollar jinsiy gormonlari vositalar bilan majmuada,Андрогены и женские половые гормоны в комбинации со средствами
G03EK01,Metiltestosteron,Метилтестостерон
G03FA,Gestagenlar va estrogenlar fiksatsiyalangan majmualari,"Гестагены и эстрогены, фиксированные комбинации"
G03FA01,Noretisteron va estrogenlar,Норэтистерон и эстрогены
G03FA02,Gidroksiprogesteron va estrogenlar,Гидроксипрогестерон и эстрогены
G03FA03,Etisteron va estrogenlar,Этистерон и эстрогены
G03FA04,Progesteron va estrogenlar,Прогестерон и эстрогены
G03FA05,Metilnortestosteron va estrogenlar,Метилнортестостерон и эстрогены
G03FA06,Etinodiol va estrogenlar,Этинодиол и эстрогены
G03FA07,Linestrenol va estrogenlar,Линестренол и эстрогены
G03FA08,Megestrol va estrogenlar,Мегестрол и эстрогены
G03FA09,Noretinodrel va estrogenlar,Норэтинодрел и эстрогены
G03FA10,Norgestrel va estrogenlar,Норгестрел и эстрогены
G03FA11,Levonorgestrel va estrogenlar,Левоноргестрел и эстрогены
G03FA12,Medroksiprogesteron va estrogenlar,Медроксипрогестерон и эстрогены
G03FA13,Norgestimat estrogenlar bilan majmuada,Норгестимат в комбинации с эстрогенами
G03FA14,Didrogesteron va estrogenlar,Дидрогестерон и эстрогены
G03FA15,Diyenogest va estrogenlar,Диеногест и эстрогены
G03FA16,Trimegeston va estrogenlar,Тримегестон и эстрогены
G03FA17,Drospirenon va estrogenlar,Дроспиренон и эстрогены
G03FB,"Gestagenlar va estrogenlar, sekvensial preparatlar (ketma-ket qoʻllash uchun)","Гестагены и эстрогены, секвенциальные препараты (для последовательного приема)"
G03FB01,Norgestrel va estrogenlar,Норгестрел и эстрогены
G03FB02,Linestrenol va estrogenlar,Линестренол и эстрогены
G03FB03,Xlormadinon va estrogenlar,Хлормадинон и эстрогены
G03FB04,Megestrol va estrogenlar,Мегестрол и эстрогены
G03FB05,Noretisteron va estrogenlar,Норэтистерон и эстрогены
G03FB06,Medroksiprogesteron va estrogenlar,Медроксипрогестерон и эстрогены
G03FB07,Medrogeston va estrogenlar,Медрогестон и эстрогены
G03FB08,Didrogesteron va estrogenlar,Дидрогестерон и эстрогены
G03FB09,Levonorgestrel va estrogenlar,Левоноргестрел и эстрогены
G03FB10,Dezogestrel va estrogenlar,Дезогестрел и эстрогены
G03FB11,Trimegeston va estrogenlar,Тримегестон и эстрогены
G03FB12,Nomgestrol va estrogen,Номгестрол и эстроген
G03GA,Gonadotropinlar,Гонадотропины
G03GA01,Xorionik gonadotropin,Гонадотропин хорионический
G03GA02,Menotropinы,Менотропины
G03GA03,Zardob gonadotropini,Гонадотропин сывороточный
G03GA04,Urofollitropin,Урофоллитропин
G03GA05,Follitropin alfa,Фоллитропин альфа
G03GA06,Follitropin beta,Фоллитропин бета
G03GA07,Lutropin alfa,Лутропин альфа
G03GA08,Xoriogonadotropin alfa,Хориогонадотропин альфа
G03GA09,Korifollitropin alfa,Корифоллитропин альфа
G03GA30,Gonadotropinlar majmuada,Гонадотропины в комбинации
G03GB,Ovulyatsiyani sintetik stimulyatori,Синтетические стимуляторы овуляции
G03GB01,Siklofenil,Циклофенил
G03GB02,Klomifen,Кломифен
G03GB03,Epimestrol,Эпимэстрол
G03HA,Antiandrogenlar,Антиандрогены
G03HA01,Siproteron,Ципротерон
G03HB,Antiandrogenlar va estrogenlar,Антиандрогены и эстрогены
G03HB01,Siproteron va estrogenlar,Ципротерон и эстрогены
G03XA,Antigonadotropinlar va unga oʻxshash vositalar,Антигонадотропины и подобные средства
G03XA01,Danazol,Даназол
G03XA02,Gestrinon,Гестринон
G03XB,Antigestagenlar,Антигестагены
G03XB01,Mifepriston,Мифепристон
G03XB02,Ulipristal,Улипристал
G03XC,Estrogen retseptorlarni selektiv modulyatorlari,Селективные модуляторы эстрогеновых рецепторов
G03XC01,Raloksifen,Ралоксифен
G03XC02,Bazedoksifen,Базедоксифен
G03XC03,Lazofoksifen,Лазофоксифен
G03XC04,Ormeloksifen,Ормелоксифен
G03XC05,Ospemifen,Оспемифен
G04BA,Siydikni nordonlashtiruvchi preparatlar,Препараты подкисляющие мочу
G04BA01,Ammoniy xloridi,Аммония хлорид
G04BA03,Kalsiy xloridi,Кальция хлорид
G04BD,Tez-tez siyish va siydik tuta olmaslikni davolash uchun vositalar,Средства для лечения учащенного мочеиспускания и недержания мочи
G04BD01,Emeproniy bromidi,Эмепрония бромид
G04BD02,Flavoksat,Флавоксат
G04BD03,Meladrazin,Меладразин
G04BD04,Oksibutinin,Оксибутинин
G04BD05,Terodilin,Теродилин
G04BD06,Propiverin,Пропиверин
G04BD07,Tolterodin,Толтеродин
G04BD08,Solifenatsin,Солифенацин
G04BD09,Trospiya xlorid,Троспия хлорид
G04BD10,Darifenatsin,Дарифенацин
G04BD11,Fezoterodin,Фезотеродин
G04BD12,Mirabegron,Мирабегрон
G04BE,Tez-tez siyish va siydik tuta olmaslikni davolash uchun vositalar,Препараты для лечения эректильной дисфункции
G04BE01,Alprostadil,Алпростадил
G04BE02,Papaverin,Папаверин
G04BE03,Sildenafil,Силденафил
G04BE04,Yoximbina gidroxloridi,Йохимбина гидрохлорид
G04BE05,Fentolamin,Фентоламин
G04BE06,Moksizilit,Моксизилит
G04BE07,Apomorfin,Апоморфин
G04BE08,Tadalafil,Тадалафил
G04BE09,Vardenafil,Варденафил
G04BE11,Udenafil,Уденафил
G04BE30,Ereksiya buzilishlarini davolash uchun preparatlar majmuada,Препараты для лечения нарушений эрекции в комбинации
G04BE52,"Papaverin, boshqa preparatlar (intrakavernoz yuborish uchun preparatlar) bilan majmuada","Папаверин, в комбинациях с другими препаратами (для интракавернозного введения)"
G04BX,Tez-tez siyish va siydik tuta olmaslikni davolash uchun vositalar,Другие препараты применяемые в урологии
G04BX01,Magniy gidroksidi,Магния гидроксид
G04BX03,Asetogidroksam kislotasi,Ацетогидроксамовая кислота
G04BX06,Fenazopiridin,Феназопиридин
G04BX10,Suksinimid,Сукцинимид
G04BX11,Kollagen,Коллаген
G04BX12,Fenilsalitsilat,Фенилсалицилат
G04BX13,Dimetilsulfoksid,Диметилсульфоксид
G04BX14,Dapoksetin,Дапоксетин
G04BX15,Pentozan polisulfat natriy,Пентозана полисульфат натрия
G04BX16,Tiopronin,Тиопронин
G04CA,Alfa-adrenoblokatorlar,Альфа-адреноблокаторы
G04CA01,Alfuzozin,Алфузозин
G04CA02,Tamsulozin,Тамсулозин
G04CA03,Terazozin,Теразозин
G04CA04,Silodozin,Силодозин
G04CA51,Alfuzozin i finasterid,Альфузозин и финастерид
G04CA52,Dutasterid va tamsulozin,Дутастерид и тамсулозин
G04CA53,Solifenatsin va tamsulozin,Солифенацин и тамсулозин
G04CB,5-alfaingibitorlar testesteron ingibitorlari,Ингибиторы тестостерон-5-альфа-редуктазаы
G04CB01,Finasterid,Финастерид
G04CB02,Dutasterid,Дутастерид
G04CX,Prostata bezining xavsiz giperplaziyasini davolash uchun boshqa preparatlar,Другие препараты для лечения доброкачественной гиперплазии предстательной железы
G04CX01,Afrika olxoʻrisi preparati,Сливы африканской препарат
G04CX02,Palmы polzuchey preparat,Пальмы ползучей препарат
G04CX03,Mepartritsin,Мепартрицин
H01AA,Adrenokortikotrop gormoni (aktg),Адренокортикотропный гормон (актг)
H01AA01,Kortikotropin,Кортикотропин
H01AA02,Tetrakozaktid,Тетракозактид
H01AB01,Tirotropin,Тиротропин
H01AB,Tireotrop gormoni,Тиреотропный гормон
H01AC,Somatropin va uning agonistlari,Соматропин и его агонисты
H01AC01,Somatropin,Соматропин
H01AC02,Somatrem,Соматрем
H01AC03,Mekazermin,Меказермин
H01AC04,Sermorelin,Серморелин
H01AC05,Mekazermin rinfabat,Меказермин ринфабат
H01AC06,Tezamorelin,Тезаморелин
H01AX,Gipofiz oldi boʻlagining boshqa gormonlari va ularning analoglari,Другие гормоны передней доли гипофиза и их аналоги
H01AX01,Pegvizomant,Пэгвизомант
H01BA,Vazopressin va ularning analoglari,Вазопрессин и его аналоги
H01BA01,Vazopressin,Вазопрессин
H01BA02,Desmopressin,Десмопрессин
H01BA03,Lipressin,Липрессин
H01BA04,Terlipressin,Терлипрессин
H01BA05,Ornipressin,Орнипрессин
H01BA06,Argipressin,Аргипрессин
H01BB,Oksitotsin va uning analoglari,Окситоцин и его аналоги
H01BB01,Demoksitotsin,Демокситоцин
H01BB02,Oksitotsin,Окситоцин
H01BB03,Karbetotsin,Карбетоцин
H01CA,Gonadotropin-rilizing gormonlar,Гонадотропин-рилизинг гормоны
H01CA01,Gonadorelin,Гонадорелин
H01CA02,Nafarelin,Нафарелин
H01CA03,Gistrelin,Гистрелин
H01CB,Somatostatin va uning analoglari,Соматостатин и его аналоги
H01CB01,Somatostatin,Соматостатин
H01CB02,Oktreotid,Октреотид
H01CB03,Lanreotid,Ланреотид
H01CB04,Vapreotid,Вапреотид
H01CB05,Pasireotid,Пасиреотид
H01CC,Antigonadotropin-rilizing garmonlar,Антигонадотропин-рилизинг гормоны
H01CC01,Ganireliks,Ганиреликс
H01CC02,Setroreliks,Цетрореликс
H02AA,Mineralokortikoidlar,Минералокортикоиды
H02AA01,Aldosteron,Альдостерон
H02AA02,Fludrokortizon,Флудрокортизон
H02AA03,Dezoksikorton,Дезоксикортон
H02AB,Glyukokortikoidlar,Глюкокортикоиды
H02AB01,Betametazon,Бетаметазон
H02AB02,Deksametazon,Дексаметазон
H02AB03,Fluokortolon,Флуокортолон
H02AB04,Metilprednizolon,Метилпреднизолон
H02AB05,Parametazon,Параметазон
H02AB06,Prednizolon,Преднизолон
H02AB07,Prednizon,Преднизон
H02AB08,Triamsinolon,Триамцинолон
H02AB09,Gidrokortizon,Гидрокортизон
H02AB10,Kortizon,Кортизон
H02AB11,Predniliden,Преднилиден
H02AB12,Rimeksolon,Римексолон
H02AB13,Deflazakort,Дефлазакорт
H02AB14,Kloprednol,Клопреднол
H02AB15,Meprednizon,Мепреднизон
H02AB17,Kortivazol,Кортивазол
H02BX,Tizimli taʼsirga ega kortikosteroidlarning majmuaviy preparatlari,Комбинированные препараты кортикостероидов системного действия
H02BX01,Metilprednizolon boshqa vositalar bilan majmuada,Метилпреднизолон в комбинации со средствами
H02CA,Antikortikosteroidlar,Антикортикостероиды
H02CA01,Trilostan,Трилостан
H03AA,Qalqonsimon bezi preparatlari,Гормоны щитовидной железы
H03AA01,Levotiroksin natriy,Левотироксин натрия
H03AA02,Liotironin,Лиотиронин
H03AA03,Levotiroksin natriy va liotironin,Левотироксин натрия и лиотиронин
H03AA04,Tiratrikol,Тиратрикол
H03AA05,Qalqonsimon bezi toʻqimasidan olingan preparatlar,Препараты из ткани щитовидной железы
H03BA,Tiouratsillar,Тиоурацилы
H03BA01,Metiltiouratsil,Метилтиоурацил
H03BA02,Propiltiouratsil,Пропилтиоурацил
H03BA03,Benziltiouratsil,Бензилтиоурацил
H03BB,Oltingugurt saqlovchi imidazol hosilasi,Серосодержащие производные имидазола
H03BB01,Karbimazol,Карбимазол
H03BB02,Tiamazol,Тиамазол
H03BB52,Tiamazol boshqa vositalar bilan majmuada,Тиамазол в комбинации со средствами
H03BC,Perxloratlar,Перхлораты
H03BC01,Kaliya perxlorat,Калия перхлорат
H03BX,Boshqa antitireoid preparatlari,Другие антитиреоидные препараты
H03BX01,Diyodotirozin,Дийодотирозин
H03BX02,Dibromotirozin,Дибромотирозин
H04AA,Glikogenni parchalovchi garmonlar,"Гормоны, расщепляющие гликоген"
H04AA01,Glyukagon,Глюкагон
H05AA,Paratireoid garmonlari va ularning analoglari,Паратиреоидные гормоны и их аналоги
H05AA01,Qalqonsimon oldi bezi ekstrakti,Паращитовидной железы экстракт
H05AA02,Teriparatid,Терипаратид
H05AA03,Paratireoid gormon,Паратиреоидный гормон
H05BA,Kalsitonin preparatlari,Препараты кальцитонина
H05BA01,Kalsitonin,Кальцитонин
H05BA02,Kalsitonin (choʻchqadan olingan),Кальцитонин (свиной)
H05BA03,Kalsitonin (odam),Кальцитонин (человеческий)
H05BA04,Elkatonin,Элкатонин
H05BX,Boshqa antiparatireoid vositalar,Другие антипаратиреоидные средства
H05BX01,Sinakalset,Цинакальцет
H05BX02,Parikalsitol,Парикальцитол
H05BX03,Dokserkalsiferol,Доксэркальциферол
H05BX04,Etelkalsetid,Этелкальцетид
J01AA,Tetratsiklinlar,Тетрациклины
J01AA01,Demeklotsiklin,Демеклоциклин
J01AA02,Doksitsiklin,Доксициклин
J01AA03,Xlortetratsiklin,Хлортетрациклин
J01AA04,Limetsiklin,Лимециклин
J01AA05,Metatsiklin,Метациклин
J01AA06,Oksitetratsiklin,Окситетрациклин
J01AA07,Tetratsiklin,Тетрациклин
J01AA08,Minotsiklin,Миноциклин
J01AA09,Rolitetratsiklin,Ролитетрациклин
J01AA10,Penimepitsiklin,Пенимепициклин
J01AA11,Klomotsiklin,Кломоциклин
J01AA12,Tigetsiklin,Тигециклин
J01AA20,Tetratsiklinlar majmuada,Тетрациклины в комбинации
J01AA56,Oksitetratsiklin boshqa vositalar bilan majmuada,Окситетрациклин в комбинации со средствами
J01BA,Amfenikollar,Амфениколы
J01BA01,Xloramfenikol,Хлорамфеникол
J01BA02,Tiamfenikol,Тиамфеникол
J01BA52,Tiamfenikol boshqa vositalar bilan majmuada,Тиамфеникол в комбинации со средствами
J01CA,Keng taʼsir doirasiga ega penitsillinlar,Пенициллины широкого спектра действия
J01CA01,Ampitsillin,Ампициллин
J01CA02,Pivampitsillin,Пивампициллин
J01CA03,Karbenitsillin,Карбенициллин
J01CA04,Amoksitsillin,Амоксициллин
J01CA05,Karindatsillin,Кариндациллин
J01CA06,Bakampitsillin,Бакампициллин
J01CA07,Epitsillin,Эпициллин
J01CA08,Pivmetsillinam,Пивмециллинам
J01CA09,Azlotsillin,Азлоциллин
J01CA10,Mezlotsillin,Мезлоциллин
J01CA11,Metsillinam,Мециллинам
J01CA12,Piperatsillin,Пиперациллин
J01CA13,Tikarsillin,Тикарциллин
J01CA14,Metampitsillin,Метампициллин
J01CA15,Talampitsillin,Талампициллин
J01CA16,Sulbenitsillin,Сульбенициллин
J01CA17,Temotsillin,Темоциллин
J01CA18,Getatsillin,Гетациллин
J01CA19,Aspoksitsillin,Аспоксициллин
J01CA20,Keng taʼsir doirasiga ega penitsilinlar majmuada,Пеницилины широкого спектра действия в комбинации
J01CA51,Ampitsillin boshqa vositalar bilan majmuada,Ампициллин в комбинации со средствами
J07AG,Naemophilus influenzae b turi tomonidan qoʻzgʻatilgan infeksiyalarni oldini olish uchun vaksinalar,"Вакцины для профилактики инфекций, вызываемых haemophilus influenzae типа b"
J07AG01,Tozalangan konyugatsiya qilingan Hemophilus influenza b antigeni,Hemophilus influenza b антиген очищенный конъюгированный
J07AG51,Hemophilus influenza b anatoksin bilan majmuada,Hemophilus influenza b в комбинации с анатоксином
J07AG52,Hemophilus influenza b va koʻkyoʻtal vaksinasi anatoksin bilan majmuada,Hemophilus influenza b и коклюша в комбинации с анатоксином
J07AG53,Hemophilus influenzae b konyugatsiyalangan meningokokk bilan,Hemophilus influenzae b с менингококком с конъюгированный
J01CE,Beta-laktamazalarga sezuvchan penitsillinlar,"Пенициллины, чувствительные к бета-лактамазам"
J01CE01,Benzilpenitsillin,Бензилпенициллин
J01CE02,Fenoksimetilpenitsillin,Феноксиметилпенициллин
J01CE03,Propitsillin,Пропициллин
J01CE04,Azidotsillin,Азидоциллин
J01CE05,Fenetitsillin,Фенетициллин
J01CE06,Penametsillin,Пенамециллин
J01CE07,Klometotsillin,Клометоциллин
J01CE08,Benzatin benzilpenitsillin,Бензатина бензилпенициллин
J01CE09,Benzilpenitsillin prokain,Бензилпенициллин прокаина
J01CE10,Fenoksimetilpenitsillin benzatin,Феноксиметилпенициллин бензатин
J01CE30,Penitsillinazaga sezgir penitsillinlar majmuada,Пенициллины пенициллиназачувствительные в комбинации
J01CF,Beta-laktamazalarga chidamli penitsillinlar,"Пенициллины, устойчивые к бета-лактамазам"
J01CF01,Dikloksatsillin,Диклоксациллин
J01CF02,Kloksatsillin,Клоксациллин
J01CF03,Metitsillin,Метициллин
J01CF04,Oksatsillin,Оксациллин
J01CF05,Flukloksatsillin,Флуклоксациллин
J01CF06,Nafsillin,Нафциллин
J01CG,Beta-laktamazalar ingibitorlari,Ингибиторы бета-лактамаз
J01CG01,Sulbaktam,Сульбактам
J01CG02,Tazobaktam,Тазобактам
J01CR,"Penitsillinlar majmuasi, jumladan beta-laktamazalar ingibitorlari bilan majmuada","Комбинации пенициллинов, включая комбинации с ингибиторами бета-лактамаз"
J01CR01,Ampitsillin ferment ingibitorlari bilan majmuada,Ампициллин в комбинации с ингибиторами ферментов
J01CR02,Amoksitsillin ferment ingibitorlari bilan majmuada,Амоксициллин в комбинации с ингибиторами ферментов
J01CR03,Tikarsillin ferment ingibitorlari bilan majmuada,Тикарциллин в комбинации с ингибиторами ферментов
J01CR04,Sultamitsillin,Сультамициллин
J01CR05,Piperatsillin ferment ingibitorlari bilan majmuada,Пиперациллин в комбинации с ингибиторами ферментов
J01CR50,Penitsillinlar majmuada,Пенициллинов в комбинации
J01DB,Birinchi avlod sefalosporinlar,Цефалоспорины первого поколения
J01DB01,Sefaleksin,Цефалексин
J01DB02,Sefaloridin,Цефалоридин
J01DB03,Sefalotin,Цефалотин
J01DB04,Sefazolin,Цефазолин
J01DB05,Sefadroksil,Цефадроксил
J01DB06,Sefazedon,Цефазедон
J01DB07,Sefatrizin,Цефатризин
J01DB08,Sefapirin,Цефапирин
J01DB09,Sefradin,Цефрадин
J01DB10,Sefatsetril,Цефацетрил
J01DB11,Sefroksadin,Цефроксадин
J01DB12,Seftezol,Цефтезол
J01DC,Ikkinchi avlod sefalosporinlar,Цефалоспорины второго поколения
J01DC01,Sefoksitin,Цефокситин
J01DC02,Sefuroksim,Цефуроксим
J01DC03,Sefamandol,Цефамандол
J01DC04,Sefaklor,Цефаклор
J01DC05,Sefotetan,Цефотетан
J01DC06,Sefonitsid,Цефоницид
J01DC07,Sefotiam,Цефотиам
J01DC08,Lorakarbef,Лоракарбеф
J01DC09,Sefmetazol,Цефметазол
J01DC10,Sefprozil,Цефпрозил
J01DC11,Seforanid,Цефоранид
J01DC12,Sefminoks,Цефминокс
J01DC13,Sefbuperazon,Цефбуперазон
J01DC14,Flomoksiv,Фломоксив
J01DD,Uchinchi avlod sefalosporinlar,Цефалоспорины третьего поколения
J01DD01,Sefotaksim,Цефотаксим
J01DD02,Seftazidim,Цефтазидим
J01DD03,Sefsulodin,Цефсулодин
J01DD04,Seftriakson,Цефтриаксон
J01DD05,Sefmenoksim,Цефменоксим
J01DD06,Latamoksef,Латамоксеф
J01DD07,Seftizoksim,Цефтизоксим
J01DD08,Sefiksim,Цефиксим
J01DD09,Sefodizim,Цефодизим
J01DD10,Sefetamet,Цефетамет
J01DD11,Sefpiramid,Цефпирамид
J01DD12,Sefoperazon,Цефоперазон
J01DD13,Sefpodoksim,Цефподоксим
J01DD14,Seftibuten,Цефтибутен
J01DD15,Sefdinir,Цефдинир
J01DD16,Sefditoren,Цефдиторен
J01DD17,Sefkapen,Цефкапен
J01DD51,Sefotaksim boshqa preparatlar bilan majmuada,Цефотаксим в комбинации с другими препаратами
J01DD52,Seftazidim boshqa preparatlar bilan majmuada,Цефтазидим в комбинации с другими препаратами
J01DD54,Seftriakson boshqa vositalar bilan majmuada,Цефтриаксон в комбинации со средствами
J01DD62,Sefoperazon boshqa vositalar bilan majmuada,Цефоперазон в комбинации со средствами
J01DE,Toʻrtinchi avlod sefalosporinlar,Цефалоспорины четвертого поколения
J01DE01,Sefepim,Цефепим
J01DE02,Sefpirom,Цефпиром
J01DF,Monobaktamlar,Монобактамы
J01DF01,Aztreonam,Азтреонам
J01DH,Karbapenemlar,Карбапенемы
J01DH02,Meropenem,Меропенем
J01DH03,Ertapenem,Эртапенем
J01DH04,Doripenem,Дорипенем
J01DH05,Biapenem,Биапенем
J01DH51,Imipenem va degidropeptidaza ingibitori,Имипенем и ингибитор дегидропептидазы
J01DH55,Panipenem va (betamipron),Панипенем и (бетамипрон)
J01DH56,Imipenem+Relebaktam+Silastatin,Имипенем+Релебактам+Циластатин
J01DI,Boshqa sefalosporinlar va penemlar,Другие цефалоспорины и пенемы
J01DI01,Seftobiprol medokaril,Цефтобипрол медокарил
J01DI02,Seftarolin fosamil,Цефтаролин фосамил
J01DI03,Faropenem,Фаропенем
J01EA,Trimetoprim va uning xosildalari,Триметоприм и его производные
J01EA01,Trimetoprim,Триметоприм
J01EA02,Brodimoprim,Бродимоприм
J01EB,Qisqa taʼsirga ega sulfanilamidlar,Сульфаниламиды короткого действия
J01EB01,Sulfazodimidin,Сульфазодимидин
J01EB02,Sulfametizol,Сульфаметизол
J01EB03,Sulfadimidin,Сульфадимидин
J01EB04,Sulfapiridin,Сульфапиридин
J01EB05,Sulfafurazol,Сульфафуразол
J01EB06,Sulfanilamid,Сульфаниламид
J01EB07,Sulfatiazol,Сульфатиазол
J01EB08,Sulfatiomochevina,Сульфатиомочевина
J01EB20,Qisqa taʼsirga ega sulfanilamidlar majmuada,Сульфаниламиды короткого действия в комбинации
J01EC,Oʻrtacha taʼsirga ega sulfanilamidlar,Сульфаниламиды средней длительности действия
J01EC01,Sulfametoksazol,Сульфаметоксазол
J01EC02,Sulfadiazin,Сульфадиазин
J01EC03,Sulfamoksol,Сульфамоксол
J01EC20,Oʻrtacha taʼsir davomiyligiga ega sulfanilamidlar majmuada,Сульфаниламиды средней длительности действия в комбинации
J01ED,Uzoq taʼsirga ega sulfanilamidlar,Сульфаниламиды длительного действия
J01ED01,Sulfadimetoksin,Сульфадиметоксин
J01ED02,Sulfalen,Сульфален
J01ED03,Sulfametomidin,Сульфаметомидин
J01ED04,Sulfametoksidiazin,Сульфаметоксидиазин
J01ED05,Sulfametoksipiridazin,Сульфаметоксипиридазин
J01ED06,Sulfaperin,Сульфаперин
J01ED07,Sulfamerazin,Сульфамеразин
J01ED08,Sulfafenazol,Сульфафеназол
J01ED09,Sulfamazon,Сульфамазон
J01ED20,Uzoq taʼsirga ega sulfanilamidlar majmuada,Сульфаниламиды длительного действия в комбинации
J01EE,Sulfanilamid va trimetoprim majmuaviy prepatlari jumladan ularni hosilalari,"Комбинированные препараты сульфаниламидов и триметоприма, включая производные"
J01EE01,Ko-trimoksazol,Ко-тримоксазол
J01EE02,Sulfadiazin va trimetoprim,Сульфадиазин и триметоприм
J01EE03,Sulfametrol va trimetoprim,Сульфаметрол и триметоприм
J01EE04,Sulfamoksol va trimetoprim,Сульфамоксол и триметоприм
J01EE05,Sulfadimidin va trimetoprim,Сульфадимидин и триметоприм
J01EE06,Sulfadiazin va trimetoprim,Сульфадиазин и триметоприм
J01EE07,Sulfamerazin va trimetoprim,Сульфамеразин и триметоприм
J01FA,Makrolidlar,Макролиды
J01FA01,Eritromitsin,Эритромицин
J01FA02,Spiramitsin,Спирамицин
J01FA03,Midekamitsin,Мидекамицин
J01FA05,Oleandomitsin,Олеандомицин
J01FA06,Roksitromitsin,Рокситромицин
J01FA07,Djozamitsin,Джозамицин
J01FA08,Troleandomitsin,Тролеандомицин
J01FA09,Klaritromitsin,Кларитромицин
J01FA10,Azitromitsin,Азитромицин
J01FA11,Miokamitsin,Миокамицин
J01FA12,Rokitamitsin,Рокитамицин
J01FA13,Diritromitsin,Диритромицин
J01FA14,Fluritromitsin,Флуритромицин
J01FA15,Telitromitsin,Телитромицин
J01FA16,Solitromitsin,Солитромицин
J01FF,Linkozamidlar,Линкозамиды
J01FF01,Klindamitsin,Клиндамицин
J01FF02,Linkomitsin,Линкомицин
J01FG,Streptograminlar,Стрептограмины
J01FG02,Xinupristin/dalfopristin,Хинупристин/дальфопристин
J01FG04,Pristinamitsin,Пристинамицин
J01GA,Streptomitsinlar,Стрептомицины
J01GA01,Streptomitsin,Стрептомицин
J01GA02,Streptoduotsin,Стрептодуоцин
J01GB,Boshqa aminoglikozidlar,Другие аминогликозиды
J01GB01,Tobramitsin,Тобрамицин
J01GB03,Gentamitsin,Гентамицин
J01GB04,Kanamitsin,Канамицин
J01GB05,Neomitsin,Неомицин
J01GB06,Amikatsin,Амикацин
J01GB07,Netilmitsin,Нетилмицин
J01GB08,Sizomitsin,Сизомицин
J01GB09,Dibekatsin,Дибекацин
J01GB10,Ribostamitsin,Рибостамицин
J01GB11,Izepamitsin,Изепамицин
J01GB12,Arbekatsin,Арбекацин
J01GB13,Bekanamitsin,Беканамицин
J01MA,Ftorxinolonlar,Фторхинолоны
J01MA01,Ofloksatsin,Офлоксацин
J01MA02,Siprofloksatsin,Ципрофлоксацин
J01MA03,Pefloksatsin,Пефлоксацин
J01MA04,Enoksatsin,Эноксацин
J01MA05,Temafloksatsin,Темафлоксацин
J01MA06,Norfloksatsin,Норфлоксацин
J01MA07,Lomefloksatsin,Ломефлоксацин
J01MA08,Fleroksatsin,Флероксацин
J01MA09,Sparfloksatsin,Спарфлоксацин
J01MA10,Rufloksatsin,Руфлоксацин
J01MA11,Grepafloksatsin,Грепафлоксацин
J01MA12,Levofloksatsin,Левофлоксацин
J01MA13,Trovafloksatsin,Тровафлоксацин
J01MA14,Trovafloksatsin,Моксифлоксацин
J01MA15,Gemifloksatsin,Гемифлоксацин
J01MA16,Gatifloksatsin,Гатифлоксацин
J01MA17,Prulifloksatsin,Прулифлоксацин
J01MA18,Pazufloksatsin,Пазуфлоксацин
J01MA19,Garenoksatsin,Гареноксацин
J01MA21,Sitafloksatsin,Ситафлоксацин
J01MB,Boshqa xinolonlar,Другие хинолоны
J01MB01,Rosoksatsin,Росоксацин
J01MB02,Nalidiks kislotasi,Налидиксовая кислота
J01MB03,Piromid kislotasi,Пиромидовая кислота
J01MB04,Pipemid kislotasi,Пипемидовая кислота
J01MB05,Oksolin kislotasi,Оксолиновая кислота
J01MB06,Sinoksatsin,Циноксацин
J01MB07,Flumexin,Флумехин
J01RA,Antibakterial vositalarining majmuasi,Комбинации антибактериальных средств
J01RA01,Penitsillinlar boshqa mikroblarga qarshi preparatlar bilan majmuada,Пенициллины в комбинации с другими противомикробными препаратами
J01RA02,Sulfanilamidlar boshqa mikroblarga qarshi preparatlar bilan majmuada (trimetoprim bilan majmuasi mustasno),Сульфаниламиды в комбинации с другими противомикробными препаратами (исключая комбинации с триметопримом)
J01RA03,Sefuroksim boshqa mikroblarga qarshi preparatlar bilan majmuada,Цефуроксим в комбинации с другими противомикробными препаратами
J01RA04,Spiramitsin boshqa mikroblarga qarshi preparatlar bilan majmuada,Спирамицин в комбинации с другими противомикробными препаратами
J01RA05,Levofloksatsin va ornidazol,Левофлоксацин и орнидазол
J01RA06,Sefepim va amikatsin,Цефепим и амикацин
J01RA07,"Azitromitsin, flukonazol va seknidazol","Азитромицин, флуконазол и секнидазол"
J01RA08,Tetratsiklin va oleandomitsin,Тетрациклин и олеандомицин
J01RA09,Ofloksatsin va ornidazol,Офлоксацин и орнидазол
J01RA10,Siprofloksatsin va metronidazol,Ципрофлоксацин и метронидазол
J01RA11,Siprofloksatsin va tinidazol,Ципрофлоксацин и тинидазол
J01RA12,Siprofloksatsin va ornidazol,Ципрофлоксацин и орнидазол
J01RA13,Norfloksatsin va tinidazol,Норфлоксацин и тинидазол
J01XA,Glikopeptid tuzilishga ega antibiotiklar,Антибиотики гликопептидной структуры
J01XA01,Vankomitsin,Ванкомицин
J01XA02,Teykoplanin,Тейкопланин
J01XA03,Telavansin,Телаванцин
J01XA04,Dalbavansin,Далбаванцин
J01XB,Polimiksinlar,Полимиксины
J01XB01,Kolistin,Колистин
J01XB02,Polimiksin,Полимиксин
J01XC,Steroid tuzilishga ega antibiotiklar,Антибиотики стероидной структуры
J01XC01,Fuzidat kislotasi,Фузидовая кислота
J01XD,Imidazol hosilalari,Производные имидазола
J01XD01,Metronidazol,Метронидазол
J01XD02,Tinidazol,Тинидазол
J01XD03,Ornidazol,Орнидазол
J01XE,Nitrofuran hosilalari,Производные нитрофурана
J01XE01,Nitrofurantoin,Нитрофурантоин
J01XE02,Nifurtoinol,Нифуртоинол
J01XX,Boshqa antibakterial preparatlar,Прочие антибактериальные препараты
J01XX01,Fosfomitsin,Фосфомицин
J01XX02,Ksibornol,Ксиборнол
J01XX03,Klofoktol,Клофоктол
J01XX04,Spektinomitsin,Спектиномицин
J01XX05,Metenamin,Метенамин
J01XX06,Mandeley kislotasi,Манделевая кислота
J01XX07,Nitroksolin,Нитроксолин
J01XX08,Linezolid,Линезолид
J01XX09,Daptomitsin,Даптомицин
J01XX11,Torezolid,Торезолид
J02AA,Antibiotiklar,Антибиотики
J02AA01,Amfoteritsin B,Амфотерицин B
J02AA02,Gaximitsin,Гахимицин
J02AB,Imidazol hosilalari,Производные имидазола
J02AB01,Mikonazol,Миконазол
J02AB02,Ketokonazol,Кетоконазол
J02AC,Triazol hosilalari,Производные триазола
J04AC01,Izoniazid,Изониазид
J04AC51,Izoniazid boshqa vositalar bilan majmuada,Изониазид в комбинации со средствами
J02AX,Tizimli taʼsirga ega boshqa zamburugʻlarga qarshi preparatlar,Другие противогрибковые препараты системного действия
J02AX01,Flutsitozin,Флуцитозин
J02AX04,Kaspofungin,Каспофунгин
J02AX05,Mikafungin,Микафунгин
J02AX06,Anidulafungin,Анидулафунгин
J04AA,Aminosalitsil kislotasi va uning hosilalari,Аминосалициловая кислота и ее производные
J04AA01,Aminosalitsil kislotasi,Аминосалициловая кислота
J04AA02,Natriy aminosalitsilat,Натрия аминосалицилат
J04AA03,Kalsiy aminosalitsilat,Кальция аминосалицилат
J04AB,Antibiotiklar,Антибиотики
J04AB01,Sikloserin,Циклосерин
J04AB02,Rifampitsin,Рифампицин
J04AB03,Rifamitsin,Рифамицин
J04AB04,Rifabutin,Рифабутин
J04AB05,Rifapentin,Рифапентин
J04AC,Gidrazidlar,Гидразиды
J04AD,Tiokarbamid hosilalari,Производные тиокарбамида
J04AD01,Protionamid,Протионамид
J04AD02,Tiokarlid,Тиокарлид
J04AD03,Etionamid,Этионамид
J04AK,Boshqa Tuberkulyozga qarshi preparatlar,Другие противотуберкулезные препараты
J04AK01,Pirazinamid,Пиразинамид
J04AK02,Etambutol,Этамбутол
J04AK03,Terizidon,Теризидон
J04AK04,Morinamid,Моринамид
J04AK05,Bedakvilin / bedaxilin,Бедаквилин / бедахилин
J04AK06,Delamanid,Деламанид
J04AK07,Tioatsetazon,Тиоацетазон
J04AM,Tuberkulyozga qarshi preparatlar majmuada,Комбинированные противотуберкулезные препараты
J04AM01,Izoniazid va streptomitsin,Изониазид и стрептомицин
J04AM02,Izoniazid va rifampitsin,Изониазид и рифампицин
J04AM03,Izoniazid va etambutol,Изониазид и этамбутол
J04AM04,Izoniazid va tioatsetazon,Изониазид и тиоацетазон
J04AM05,"Izoniazid, pirazinamid va rifampitsin","Изониазид, пиразинамид и рифампицин"
J04AM06,"Izoniazid, pirazinamid, rifampitsin va etambutol","Изониазид, пиразинамид, рифампицин и этамбутол"
J04BA,Moxovga qarshi preparatlar,Противолепрозные препараты
J04BA01,Klofazimin,Клофазимин
J04BA02,Dapson,Дапсон
J04BA03,Aldesulfon natriya,Алдесульфон натрия
J05AA,Tiosemikarbazonlar,Тиосемикарбазоны
J05AA01,Metisazon,Метисазон
J05AB,"Nukleozidlar va nukleotidlar, qaytar transkriptaza ingibitorlaridan tashqari","Нуклеозиды и нуклеотиды, кроме ингибиторов обратной транскриптазы"
J05AB01,Asiklovir,Ацикловир
J05AB02,Idoksuridin,Идоксуридин
J05AB03,Vidarabin,Видарабин
J05AB04,Ribavirin,Рибавирин
J05AB06,Gansiklovir,Ганцикловир
J05AB09,Famsiklovir,Фамцикловир
J05AB11,Valatsiklovir,Валацикловир
J05AB12,Sidofovir,Цидофовир
J05AB13,Pensiklovir,Пенцикловир
J05AB14,Valgansiklovir,Валганцикловир
J05AB15,Brivudin,Бривудин
J05AC,Siklik aminlar,Циклические амины
J05AC02,Rimantadin,Римантадин
J05AC03,Tromantadin,Тромантадин
J05AD,Fosfonat kislotasi hosilalari,Производные фосфоновой кислоты
J05AD01,Foskarnet natriy,Фоскарнет натрия
J05AD02,Fosfonet natriy,Фосфонет натрия
J05AE,OITV-proteaza ingibitorlari,Ингибиторы вич-протеаз
J05AE01,Sakvinavir,Саквинавир
J05AE02,Indinavir,Индинавир
J05AE03,Ritonavir,Ритонавир
J05AE04,Nelfinavir,Нелфинавир
J05AE05,Amprenavir,Ампренавир
J05AE06,Lopinavir,Лопинавир
J05AE07,Fosamprenavir,Фосампренавир
J05AE08,Atazanavir,Атазанавир
J05AE09,Tipranavir,Типранавир
J05AE10,Darunavir,Дарунавир
J05AE11,Telaprevir,Телапревир
J05AE12,Botseprevir,Боцепревир
J05AE13,Faldaprevir,Фалдапревир
J05AE14,Simeprevir,Симепревир
J05AE15,Asunaprevir,Асунапревир
J05AF,Nukleozidlar va nukleotidlar - qaytar transkriptaza ingibitorlari,Нуклеозиды и нуклеотиды – ингибиторы обратной транскриптазы
J05AF01,Zidovudin,Зидовудин
J05AF02,Didanozin,Диданозин
J05AF03,Zalsitabin,Залцитабин
J05AF04,Stavudin,Ставудин
J05AF05,Lamivudin,Ламивудин
J05AF06,Abakavir,Абакавир
J05AF07,Tenofovir,Тенофовир
J05AF08,Adefovir dipivoksil,Адефовир дипивоксил
J05AF09,Emtritsitabin,Эмтрицитабин
J05AF10,Entekavir,Энтекавир
J05AF11,Telbivudin,Телбивудин
J05AF12,Klevudin,Клевудин
J05AF13,Tenofovir alafenamid,Тенофовир алафенамид
J05AG,Qaytar transkriptazaning nukleozid ingibitorlari,Ненуклеозидные ингибиторы обратной транскриптазы
J05AG01,Nevirapin,Невирапин
J05AG02,Delavirdin,Делавирдин
J05AG03,Efavirenz,Эфавиренз
J05AG04,Etravirin,Этравирин
J05AG05,Rilpivirin,Рилпивирин
J05AH,Neyroaminidaza ingibitorlari,Ингибиторы нейроаминидазы
J05AH01,Zanamivir,Занамивир
J05AH02,Oseltamivir,Осельтамивир
J05AJ,Integraza ingibitorlari,Ингибиторы интегразы
J05AJ01,Raltegravir,Ралтегравир
J05AJ02,Elvitegravir,Элвитегравир
J05AJ03,Dolutegravir,Долутегравир
J05AJ04,Kabotegravir,Каботегравир
J05AR,OITV-infeksiyasini davolash uchun viruslarga qarshi majmuaviy preparatlar,Комбинированные противовирусные препараты для лечения вич-инфекции
J05AR01,Zidovudin va lamivudin,Зидовудин и ламивудин
J05AR02,Abakavir va lamivudin,Абакавир и ламивудин
J05AR03,Tenofovir dizoproksil va emtritsitabin,Тенофовир дизопроксил и эмтрицитабин
J05AR04,"Zidovudin, lamivudin va abakavir","Зидовудин, ламивудин и абакавир"
J05AR05,"Zidovudin, lamivudin va nevirapin","Зидовудин, ламивудин и невирапин"
J05AR06,"Emtritsitabin, tenofovir dizoproksil va efavirenz","Эмтрицитабин, тенофовир дизопроксил и эфавиренз"
J05AR07,"Stavudin, lamivudin va nevirapin","Ставудин, ламивудин и невирапин"
J05AR08,"Emtritsitabin, tenofovira dizoproksil va rilpivirin","Эмтрицитабин, тенофовира дизопроксил и рилпивирин"
J05AR09,"Emtritsitabin,tenofovira dizoproksil, elvitegravir va kobitsistat","Эмтрицитабин,тенофовира дизопроксил, элвитегравир и кобицистат"
J05AR10,Lopinavir va ritonavir,Лопинавир и ритонавир
J05AR11,"Lamivudin, tenofovir dizoproksil va efavirens","Ламивудин, тенофовир дизопроксил и эфавиренц"
J05AR12,Lamivudin va tenofovir dizoproksil,Ламивудин и тенофовир дизопроксил
J05AR13,"Lamivudin, abakavir va dolutegravir","Ламивудин, абакавир и долутегравир"
J05AR14,Darunavir va kobitsistat,Дарунавир и кобицистат
J05AR15,Atazanavir va kobitsistat,Атазанавир и кобицистат
J05AR16,Lamivudin va raltegravir,Ламивудин и ралтегравир
J05AR17,Emtritsitabin va tenofovir alafenamid,Эмтрицитабин и тенофовир алафенамид
J05AR18,"Emtritsitabin, tenofovir alafenamid, elvitegravir va kobitsistat","Эмтрицитабин, тенофовир алафенамид, элвитегравир и кобицистат"
J05AR19,"Emtritsitabin, tenofovir alafenamid va rilpivirin","Эмтрицитабин, тенофовир алафенамид и рилпивирин"
J05AX,Boshqa viruslarga qarshi preparatlar,Другие противовирусные препараты
J05AX01,Moroksidin,Мороксидин
J05AX02,Lizotsim,Лизоцим
J05AX05,Inozin pranobeks,Инозин пранобекс
J05AX06,Plekonaril,Плеконарил
J05AX07,Enfuvirtid,Энфувиртид
J05AX08,Raltegravir,Ралтегравир
J05AX09,Maravirok,Маравирок
J05AX10,Maribavir,Марибавир
J05AX11,Elvitegravir,Элвитегравир
J05AX12,Dolutegravir,Долутегравир
J05AX13,Umifenovir,Умифеновир
J05AX14,Daklatasvir,Даклатасвир
J05AX15,Sofosbuvir,Софосбувир
J05AX16,Dasabuvir,Дасабувир
J05AX65,Sofosbuvir va ledipasvir,Софосбувир и ледипасвир
J05AX66,"Dasabuvir, ombitasvir, paritaprevir va ritonavir","Дасабувир, омбитасвир, паритапревир и ритонавир"
J05AX67,"Ombitasvir, paritaprevir va ritonavir","Омбитасвир, паритапревир и ритонавир"
J05AX68,Elbasvir va grazoprevir,Элбасвир и гразопревир
J06AA,Immun zardoblar,Иммунные сыворотки
J06AA01,Difteriya antitoksini,Антитоксин дифтерийный
J06AA02,Qoqshol antitoksini,Антитоксин столбнячный
J06AA03,Ilon zahariga qarshi qon zardobi,Сыворотка крови против змеиного яда
J06AA04,Botulin antitoksini,Антитоксин ботулинический
J06AA05,Gangrenaga qarshi qon zardobi,Сыворотка крови противогангренозная
J06AA06,Antirabik (quturishga qarshi) qon zardobi,Сыворотка крови антирабическая
J06BA,Normal odam immunoglobulinlari,Иммуноглобулины нормальные человеческие
J06BA01,Normal odam immunoglobulini (m/i yuborish uchun),Иммуноглобулин человека нормальный (в/м введение)
J06BA02,Normal odam immunoglobulini (v/i yuborish uchun),Иммуноглобулин человека нормальный (в/в введение)
J06BB,Spetsifik immunoglobulinlar,Иммуноглобулины специфические
J06BB01,Odam antirezus rho(d) immunoglobulini,Иммуноглобулин человека антирезус rho(d)
J06BB02,Qoqsholga qarshi odam immunoglobulini,Иммуноглобулин человека противостолбнячный
J06BB03,Gerpes (varIcella/zoster)ga qarshi immunoglobulini,Иммуноглобулин против герпеса (varIcella/zoster)
J06BB04,Gepaptit B ga qarshi odam immunoglobulini,Иммуноглобулин человека против гепатита B
J06BB05,Antirabik odam immunoglobulini,Иммуноглобулин человека антирабический
J06BB06,Qizilchaga qarshi immunoglobulin,Иммуноглобулин против краснухи
J06BB07,Vaksinal immunoglobulin,Иммуноглобулин вакцинальный
J06BB08,Antistafilokok odam immunoglobulini,Иммуноглобулин человека антистафилококковый
J06BB09,Antitsitomegalovirus odam immunoglobulini,Иммуноглобулин человека антицитомегаловирусный
J06BB10,Difteriyaga qarshi odam immunoglobulini,Иммуноглобулин человека противодифтерийный
J06BB11,Gepaptit A ga qarshi immunoglobulin,Иммуноглобулин против гепатита A
J06BB12,Kana ensefalitiga qarshi immunoglobulin,Иммуноглобулин против клещевого энцефалита
J06BB13,Koʻkyoʻtalga qarshi immunoglobulin,Иммуноглобулин противококлюшный
J06BB14,Qizamiqqa qarshi immunoglobulin,Иммуноглобулин противокоревой
J06BB15,Parotitga qarshi immunoglobulin,Иммуноглобулин против паротита
J06BB16,Palivizumab,Паливизумаб
J06BB17,Motavizumab,Мотавизумаб
J06BB19,Kuydirgi immunoglobulini,Иммуноглобулин сибирской язвы
J06BB21,Bezlotoksumab,Безлотоксумаб
J06BB30,Spetsifik immunoglobulinlar majmuada,Иммуноглобулины специфические в комбинации
J06BC,Boshqa immunoglobulinlar,Другие иммуноглобулины
J06BC01,Nebakumab,Небакумаб
J07AC,Sibir kuydirgisining oldini olish uchun vaksinalar,Вакцины для профилактики сибирской язвы
J07AC01,Kuydirgi antigeni,Сибиреязвенный антиген
J07AD,Brutsellyozning oldini olish uchun vaksinalar,Вакцины для профилактики бруцеллеза
J07AD01,Brutsellez antigeni,Бруцеллезный антиген
J07AE,Vaboning olini oldish uchun vaksinalar,Вакцины для профилактики холеры
J07AE01,Chin inaktivatsiya qilingan vabo vibrioni,Вибрион холеры цельный инактивированный
J07AE02,Tirik kuchsizlantirilgan vabo vibrioni,Вибрион холеры живой ослабленный
J07AF,Difteriyaning oldini olish uchun vaksinalar,Вакцины для профилактики дифтерии
J07AF01,Difteriya anatoksini,Анатоксин дифтерийный
J07AH,Meningitning oldini olish uchun vaksinalar,Вакцины для профилактики менингита
J07AH01,Polisaxaridli tozalangan meningokokk A antigeni,Менингококка А антиген полисахаридный очищенный
J07AH02,Boshqa monovalent polisaxaridli tozalangan meningokokk antigenlari,Менингококка антигены моновалентные полисахаридные очищенные другие
J07AH03,Bivalent polisaxaridli tozalangan meningokokk A antigeni,Менингококк А антиген бивалентный полисахаридный очищенный
J07AH04,Polisaxaridli tozalangan tetravalent meningokokk antigeni,Менингококковый тетравалентный антиген полисахаридный очищенный
J07AH05,Boshqa polivalent polisaxaridli tozalangan meningokokk antigenlari,Менингококка антигены поливалентные полисахаридные очищенные другие
J07AH06,Meningokokokk B vezikulalari yuza membranasi,Менингокококка В везикул поверхностная мембрана
J07AH07,Polisaxaridli tozalangan konyugatsiya qilingan meningokokk C antigeni,Менингокококка С антиген полисахаридный очищенный коньюгированный
J07AH08,Polisaxaridli tozalangan konyugatsiya qilingan tetravalent meningokokk antigeni,Менингококковый тетравалентный антиген полисахаридный очищенный коньюгированный
J07AH09,Murakkab tarkibli meningokokokk B vaksinasi,Менингокококка В вакцина сложносоставная
J07AH10,Polisaxaridli tozalangan konyugatsiya qilingan meningokokk A antigeni,Менингококка А антиген полисахаридный очищенный конъюгированный
J07AJ,Koʻk yoʻtalning oldini olish uchun vaksinalar,Вакцины для профилактики коклюша
J07AJ01,Chin faolsizlantirilgan koʻkyoʻtal bakteriyalari,Коклюшные бактерии цельные инактивированные
J07AJ02,Tozalangan koʻkyoʻtal antigeni,Коклюшный антиген очищенный
J07AJ51,Chin faolsizlantirilgan koʻkyoʻtal bakteriyalari anatoksin bilan majmuada,Коклюшные бактерии цельные инактивированные в комбинации с анатоксином
J07AJ52,Tozalangan koʻkyoʻtal antigeni anatoksin bilan majmuada,Коклюшный антиген очищенный в комбинации с анатоксином
J07AK,Oʻlatning oldini olish uchun vaksinalar,Вакцины для профилактики чумы
J07AK01,Chin faolsizlantirilgan oʻlat bakteriyalari,Чумные бактерии цельные инактивированные
J07AL,Pnevmokokk infeksiyasining oldini olish uchun vaksinalar,Вакцины для профилактики пневмококковой инфекции
J07AL01,Polisaxaridli tozalangan pnevmokokk antigeni,Пневмококковый антиген полисахаридный очищенный
J07AL02,Polisaxaridli tozalangan konyugatsiya qilingan pnevmokokk antigeni,Пневмококковый антиген полисахаридный очищенный конъюгированный
J07AL52,Polisaxaridli tozalangan pnevmokokk antigeni va konyugatsiya qilingan haemophilus influenzae,Пневмококковый антиген полисахаридный очищенный и haemophilus influenzae коньюгированные
J07AM,Qoqsholning oldini olish uchun vaksinalar,Вакцины для профилактики столбняка
J07AM01,Qoqshol anatoksini,Анатоксин столбнячный
J07AM51,Qoqshol anatoksini difteriya anatoksini bilan majmuada,Анатоксин столбнячный в комбинации с анатоксином дифтерийным
J07AM52,Qoqshol anatoksini qoqsholga qarshi immunoglobulin bilan majmuada,Анатоксин столбнячный в комбинации со иммуноглобулином противостолбнячным
J07AN,Tuberkulyozning oldini olish uchun vaksinalar,Вакцины для профилактики туберкулеза
J07AN01,Tirik kuchsizlantirilgan tuberkulyoz vaksinasi,Вакцина туберкулезная живая ослабленная
J07AP,Qorin tifining oldini olish uchun vaksinalar,Вакцины для профилактики брюшного тифа
J07AP01,Tirik kuchsizlantirilgan qorin tifi bakteriyalari (peroral qabul qilish uchun),Брюшнотифозные бактерии живые ослабленные (для перорального приема)
J07AP02,Chin faolsizlantirilgan qorin tifi bakteriyalari,Брюшнотифозные бактерии цельные инактивированные
J07AP03,Qorin tifi bakteriyalarining polisaxaridli tozalangan antigeni,Брюшнотифозных бактерий антиген полисахаридный очищенный
J07AP10,Qorin tifi vaksinasi paratif vaksinasi bilan majmuada,Брюшнотифозная вакцина в комбинации с паратифозной вакциной
J07AR,Toshma tifining oldini olish uchun vaksinalar,Вакцины для профилактики сыпного тифа
J07AR01,Chin faolsizlantirilgan toshmali tifi bakteriyalari,Сыпного тифа бактерии цельные инактивированные
J07BA,Virusli ensefalitning oldini olish uchun vaksinalar,Вакцины для профилактики вирусных энцефалитов
J07BA01,Chin faolsizlantirilgan virus boʻlgan kana ensefaliti virusi,Вирус клещевого энцефалита вирус цельный инактивированный
J07BA02,Chin faolsizlantirilgan virus boʻlgan yapon ensefaliti virusi,Вирус японского энцефалита вирус цельный инактивированный
J07BB,Grippning oldini olish uchun vaksinalar,Вакцины для профилактики гриппа
J07BB01,Chin faolsizlantirilgan gripp virusi,Гриппа вирус цельный инактивированный
J07BB02,Gripp virusining tozalangan antigeni,Гриппа вируса антиген очищенный
J07BB03,Tirik kuchsizlantirilgan gripp virusi,Гриппа вирус живой ослабленный
J07BC,Virusli gepatitning oldini olish uchun vaksinalar,Вакцины для профилактики вирусных гепатитов
J07BC01,B gepatiti virusi antigeni tozalangan,Гепатита В вируса антиген очищенный
J07BC02,A gepatiti virusi antigeni tozalangan,Гепатита А вируса антиген очищенный
J07BC20,Gepatit vaksinalari majmuada,Вакцины гепатитные в комбинации
J07BD,Qizamiqning oldini olish uchun vaksinalar,Вакцины для профилактики кори
J07BE,Epid parotitning oldini olish uchun vaksinalar,Вакцины для профилактики эпидемического паротита
J07BE01,Tirik kuchsizlantirilgan parotit virusi,Паротита вирус живой ослабленный
J07BF,Poliomiyelitning oldini olish uchun vaksinalar,Вакцины для профилактики полиомиелита
J07BF02,Tirik kuchsizlantirilgan uch valentli poliomiyelit virusi (peroral qabul qilish uchun),Полиомиелита вирус трехвалентный живой ослабленный (для перорального приема)
J07BF03,Chin faolsizlantirilgan uch valentli poliomiyelit virusi (peroral qabul qilish uchun),Полиомиелита вирус трехвалентный цельный инактивированный (для перорального приема)
J07BF04,Tirik kuchsizlantirilgan bivalent poliomiyelit virusi (peroral qabul qilish uchun),Полиомиелита вирус бивалентный живой ослабленный (для перорального приема)
J07BG,Quturishni oldini olish uchun vaksinalar,Вакцины для профилактики бешенства
J07BG01,Chin faolsizlantirilgan quturish virusi,Бешенства вирус цельный инактивированный
J07BH,Rotavirus diareyasining oldini olish uchun vaksinalar,Вакцины для профилактики ротавирусной диареи
J07BH01,Tirik kuchsizlantirilgan Rotavirus virusi,Ротавирус вирус живой ослабленный
J07BH02,Tirik besh valentli Rotavirus,Ротавирус пятивалентный живой
J07BJ,Qizilchani oldini olish uchun vaksinalar,Вакцины для профилактики краснухи
J07BJ01,Tirik kuchsizlantirilgan qizilcha virusi,Краснухи вирус живой ослабленный
J07BJ51,Tirik kuchsizlantirilgan qizilcha virusi parotit virusi bilan majmuada,Краснухи вирус живой ослабленный в комбинации с вирусом паротита
J07BK,Suvchechakning oldini olish uchun vaksinalar,Вакцины для профилактики ветряной оспы
J07BK01,Tirik kuchsizlantirilgan suvchechak virusi,Ветрянной оспы вирус ослабленный живой
J07BL,Siriq istmani oldini olish uchun vaksinalar,Вакцины для профилактики желтой лихорадки
J07BL01,Tirik kuchsizlantirilgan sariq isitma virusi,Желтой лихорадки вирус ослабленный живой
J07BM,Virusli papilloma infeksiyasini oldini olish uchun vaksinalar,Вакцины для профилактики папилломавирусной инфекции
J07BM01,"Papilloma virusi (odam viruslari 6, 11, 16, 18 tiplari)","Вирус папилломы (вирусы человека типов 6, 11, 16, 18)"
J07BM02,Papilloma virusi (odam viruslari 16 va 18 tiplari),Вирус папилломы (вирусы человека типов 16 и 18)
J07CA,Virusli va bakterial infeksiyalarning oldini olish uchun majmuaviy vaksinalar,Комбинированные вакцины для профилактики вирусных и бактериальных инфекций
J07CA01,Difteriya-poliomiyelit-qoqsholga qarshi vaksina,Вакцина против дифтерии-полиомиелита-столбняка
J07CA02,Difteriya-koʻkyoʻtal-poliomiyelit-qoqsholga qarshi vaksina,Вакцина против дифтерии-коклюша-полиомиелита-столбняка
J07CA03,Difteriya-qizilcha-qoqsholga qarshi vaksina,Вакцина против дифтерии-краснухи-столбняка
J07CA04,B gripp va poliomiyelitga qarshi vaksina,Вакцина против гриппа В и полиомиелита
J07CA05,"Difteriya, B gepatiti, koʻkyoʻtal va qoqsholga qarshi vaksina","Вакцина против дифтерии, гепатита В, коклюша и столбняка"
J07CA06,"Difteriya, gemofil tayoqcha b, koʻkyoʻtal, poliomiyelit va qoqsholga qarshi vaksina","Вакцина против дифтерии, гемофильная палочка b, коклюша, полиомиелита, столбняка"
J07CA07,"Difteriya, B gepatiti va qoqsholga qarshi vaksina","Вакцина против дифтерии, гепатита В и столбняка"
J07CA08,Gemofil b tayoqcha va B gepaptitiga qarshi vaksina,Вакцина против гемофильная палочка b и гепатита В
J07CA09,"Difteriya, gemofil b tayoqcha , koʻkyoʻtal, poliomiyelit, qoqshol va B gepaptitga qarshi vaksina","Вакцина против дифтерии, гемофильная палочка b, коклюша, полиомиелита, столбняка, гепатита В"
J07CA10,Qorin tifi va A gepatitga qarshi vaksina,Вакцина против брюшного тифа-гепатита А
J07CA11,Difteriya-gemofil b tayoqcha-koʻkyoʻtal-qoqshol-B gepaptitga qarshi vaksina,Дифтерийно-гемофильная инфекция b-коклюш-столбняк-гепатит В
J07CA12,"Difteriya, koʻkyoʻtal, poliomiyelit, qoqshol va B gepaptitga qarshi vaksina","Вакцина против дифтерии, коклюша, полиомиелита, столбняка, гепатита В"
J07CA13,"Difteriya, gemofil b tayoqcha , koʻkyoʻtal, qoqshol, B gepaptiti va A+C meningokokklarga qarshi vaksina","Вакцина против дифтерии, гемофильная палочка b, коклюша, столбняка, гепатита В, менингококков А+С"
L01AA,Azotli iprit analoglari,Аналоги азотистого иприта
L01AA01,Siklofosfamid,Циклофосфамид
L01AA02,Xlorambutsil,Хлорамбуцил
L01AA03,Melfalan,Мелфалан
L01AA05,Xlormetin,Хлорметин
L01AA06,Ifosfamid,Ифосфамид
L01AA07,Trofosfamid,Трофосфамид
L01AA08,Prednimustin,Преднимустин
L01AA09,Bendamustin,Бендамустин
L01AB,Alkilsulfonatlar,Алкилсульфонаты
L01AB01,Busulfan,Бусульфан
L01AB02,Treosulfan,Треосульфан
L01AB03,Mannosulfan,Манносульфан
L01BB,Purin analoglari,Аналоги пурина
L01BB02,Merkaptopurin,Меркаптопурин
L01BB03,Tioguanin,Тиогуанин
L01BB04,Kladribin,Кладрибин
L01BB05,Fludarabin,Флударабин
L01BB06,Klofarabin,Клофарабин
L01BB07,Nelarabin,Неларабин
L01BC,Pirimidin analoglari,Аналоги пиримидина
L01BC01,Sitarabin,Цитарабин
L01BC02,Ftoruratsil,Фторурацил
L01BC03,Tegafur,Тегафур
L01BC04,Karmofur,Кармофур
L01BC05,Gemsitabin,Гемцитабин
L01BC06,Kapetsitabin,Капецитабин
L01BC07,Azatsitidin,Азацитидин
L01BC08,Detsitabin,Децитабин
L01BC52,Ftoruratsil boshqa vositalar bilan majmuada,Фторурацил в комбинации со средствами
L01BC53,Tegafur boshqa vositalar bilan majmuada,Тегафур в комбинации со средствами
L01BC59,Trifluridin majmuada,Трифлуридин в комбинации
L01CA,Boʻrigul alkaloidlari va uning analoglari,Алкалоиды барвинка и их аналоги
L01CA01,Vinblastin,Винбластин
L01CA02,Vinkristin,Винкристин
L01CA03,Vindezin,Виндезин
L01CA04,Vinorelbin,Винорелбин
L01CA05,Vinflunin,Винфлунин
L01CA06,Vintafolid,Винтафолид
L01CB,Podofillotoksin hosilalari,Производные подофиллотоксина
L01CB01,Etopozid,Этопозид
L01CB02,Tenipozid,Тенипозид
L01CC,Kolxitsin hosilalari,Производные колхицина
L01CC01,Demekolsin,Демеколцин
L01CD,Taksanlar,Таксаны
L01CD01,Paklitaksel,Паклитаксел
L01CD02,Dotsetaksel,Доцетаксел
L01CD03,Paklitaksel poliglumeks,Паклитаксел полиглумекс
L01CD04,Kabazitaksel,Кабазитаксел
L01CX,Kelib chiqishi boshqa oʻsimliklarga oid alkaloidlar va tabiiy moddalar,Другие алкалоиды растительного происхождения и природные вещества
L01CX01,Trabektedin,Трабектедин
L01DA,Aktinomitsinlar,Актиномицины
L01DA01,Daktinomitsin,Дактиномицин
L01DB,Antratsiklinlar va unga oʻxshash birikmalar,Антрациклины и родственные соединения
L01DB01,Doksorubitsin,Доксорубицин
L01DB02,Daunorubitsin,Даунорубицин
L01DB03,Epirubitsin,Эпирубицин
L01DB04,Aklarubitsin,Акларубицин
L01DB05,Zorubitsin,Зорубицин
L01DB06,Idarubitsin,Идарубицин
L01DB07,Mitoksantron,Митоксантрон
L01DB08,Pirarubitsin,Пирарубицин
L01DB09,Valrubitsin,Валрубицин
L01DB11,Piksantron,Пиксантрон
L01DC,Boshqa oʻsmaga qarshi antibiotiklar,Другие противоопухолевые антибиотики
L01DC01,Bleomitsin,Блеомицин
L01DC02,Plikamitsin,Пликамицин
L01DC03,Mitomitsin,Митомицин
L01DC04,Iksabepilon,Иксабепилон
L01DC05,Utidelon,Утиделон
L01EA,BCR-ABL-tirozin kinaza ingibitorlari,Ингибиторы BCR-ABL-тирозинкиназы
L01EA01,Imatinib,Иматиниб
L01EA02,Dazatinib,Дазатиниб
L01EA03,Nilotinib,Нилотиниб
L01EA04,Bozutinib,Бозутиниб
L01EA05,Panatinib,Понатиниб
L01EA06,Assiminib,Асциминиб
L01EB,Ингибиторы рецептора эпидермального фактора роста (EGFR),Ингибиторы рецептора эпидермального фактора роста (EGFR)
L01EB02,Erlotinib,Эрлотиниб
L01EB03,Afatinib,Афатиниб
L01EB04,Osimertinib,Осимертиниб
L01EB05,Rosiletinib,Роцилетиниб
L01EB06,Olmutinib,Олмутиниб
L01XA,Platini birikmalari,Соединения платины
L01XA01,Sisplatin,Цисплатин
L01XA02,Karboplatin,Карбоплатин
L01XA03,Oksaliplatin,Оксалиплатин
L01XA04,Satraplatin,Сатраплатин
L01XB,Metilgidrazinlar,Метилгидразины
L01XB01,Prokarbazin,Прокарбазин
L01XD,"Fotodinamik /nur terapiyada, qoʻllaniladigan preparatlar","Препараты, применяемые при фотодинамической / лучевой терапии"
L01XD01,Porfimer natriya,Порфимер натрия
L01XD02,Verteporfin,Вертепорфин
L01XD03,Metilaminolevulinat,Метиламинолевулинат
L01XD04,Aminolevulinat kislotasi,Аминолевулиновая кислота
L01XD05,Temoporfin,Темопорфин
L01XX,Boshqa oʻsmaga qarshi preparatlar,Прочие противоопухолевые препараты
L01XX01,Amsakrin,Амсакрин
L01XX02,Asparaginaza,Аспарагиназа
L01XX03,Altretamin,Алтретамин
L01XX05,Gidroksikarbamid,Гидроксикарбамид
L01XX07,Lonidamin,Лонидамин
L01XX08,Pentostatin,Пентостатин
L01XX09,Miltefosin,Милтефосин
L01XX10,Mazoprokol,Мазопрокол
L01XX11,Estramustin,Эстрамустин
L01XX14,Tretinoin,Третиноин
L01XX16,Mitoguazon,Митогуазон
L01XX17,Topotekan,Топотекан
L01XX18,Tiazofurin,Тиазофурин
L01XX19,Irinotekan,Иринотекан
L01XX22,Alitretinoin,Алитретиноин
L01XX23,Mitotan,Митотан
L01XX24,Pegaspargaza,Пэгаспаргаза
L01XX25,Beksaroten,Бексаротен
L01XX27,Margimush trioksidi (margimush angidridi),Мышьяка триоксид (мышьяковистый ангидрид)
L01XX28,Imatinib,Иматиниб
L01XX29,Denileykin diftitoks,Денилейкин дифтитокс
L01XX31,Gefitinib,Гефитиниб
L01XX32,Bortezomib,Бортезомиб
L01XX33,Selekoksib,Целекоксиб
L01XX34,Erlotinib,Эрлотиниб
L01XX35,Anagrelid,Анагрелид
L01XX36,Oblimersen,Облимерсен
L01XX37,Sitimagen seradenovek,Ситимаген цераденовек
L01XX38,Vorinostat,Вориностат
L01XX39,Romidepsin,Ромидепсин
L01XX40,Omatsetaksin mepesuksinati,Омацетаксина мепесукцинат
L01XX41,Eribulin,Эрибулин
L01XX42,Panobinostat,Панобиностат
L01XX43,Vismodegib,Висмодегиб
L01XX44,Aflibersept,Афлиберцепт
L01XX45,Karfilzomib,Карфилзомиб
L01XX46,Olaparib,Олапариб
L01XX47,Idelalisib,Иделалисиб
L01XX49,Belinostat,Белиностат
L01XX50,Iksazomib,Иксазомиб
L01XX51,Talimogen lagerparepvek,Талимоген лагерпарепвек
L01XX52,Venetoklaks,Венетоклакс
L01XX53,Voreloksin,Ворелоксин
L02AA,Estrogenlar,Эстрогены
L02AA01,Dietilstilbestrol,Диэтилстилбэстрол
L02AA02,Poliestradiol fosfati,Полиэстрадиола фосфат
L02AA03,Etinilestradiol,Этинилэстрадиол
L02AA04,Fosfestrol,Фосфэстрол
L02AB,Gestagenlar,Гестагены
L02AB01,Megestrol,Мегэстрол
L02AB02,Medroksiprogesteron,Медроксипрогестерон
L02AB03,Gestonoron,Гестонорон
L02AE,Gonadotropin - rilizing garmon analogi,Аналоги гонадотропин-рилизинг гормона
L02AE01,Buserelin,Бусерелин
L02AE02,Leyprorelin,Лейпрорелин
L02AE03,Gozerelin,Гозерелин
L02AE04,Triptorelin,Трипторелин
L02BA,Antiestrogenlar,Антиэстрогены
L02BA01,Tamoksifen,Тамоксифен
L02BA02,Toremifen,Торемифен
L02BA03,Fulvestrant,Фулвестрант
L02BB,Antiestrogenlar,Антиандрогены
L02BB01,Flutamid,Флутамид
L02BB02,Nilutamid,Нилутамид
L02BB03,Bikalutamid,Бикалутамид
L02BB04,Enzalutamid,Энзалутамид
L02BG,aromataz ingibitorlari,Ингибиторы ароматазы
L02BG02,Formestan,Форместан
L02BG03,Anastrozol,Анастрозол
L02BG04,Letrozol,Летрозол
L02BG05,Vorozol,Ворозол
L02BG06,Eksemestan,Эксеместан
L02BX,Boshqa garmon antagonistlari va unga oʻxshash birikmalar,Другие антагонисты гормонов и родственные соединения
L02BX01,Abareliks,Абареликс
L02BX02,Degareliks,Дегареликс
L02BX03,Abirateron,Абиратерон
L03AA,Koloniyalarni ragʻbatlantiruvchi omillar,Колониестимулирующие факторы
L03AA02,Filgrastim,Филграстим
L03AA03,Molgramostim,Молграмостим
L03AA09,Sargramostim,Сарграмостим
L03AA10,Lenograstim,Ленограстим
L03AA12,Ansestim,Анцестим
L03AA13,Pegfilgrastim,Пэгфилграстим
L03AA14,Lipegfilgrastim,Липэгфилграстим
L03AA15,Balugrastim,Балуграстим
L03AB,Interferonlar,Интерфероны
L03AB01,Interferon alfa,Интерферон альфа
L03AB02,Interferon beta,Интерферон бета
L03AB03,Interferon gamma,Интерферон гамма
L03AB04,Interferon Alfa-2a,Интерферон Альфа-2a
L03AB05,Interferon Alfa-2b,Интерферон Альфа-2b
L03AB06,Interferon alfa-n1,Интерферон альфа-n1
L03AB07,Interferon Beta-1a,Интерферон Бета-1a
L03AB08,Interferon Beta-1b,Интерферон Бета-1b
L03AB09,Interferon alfakon-1,Интерферон альфакон-1
L03AB10,Peginterferon Alfa-2b,Пэгинтерферон Альфа-2б
L03AB11,Peginterferon Alfa-2a,Пэгинтерферон Альфа-2а
L03AB13,Peginterferon Beta-1a,Пэгинтерферон Бета-1а
L03AB60,Peginterferon Alfa-2b vositalar bilan majmuada,Пэгинтерферон Альфа-2b в комбинации со средствами
L03AC,Interleyklar,Интерлейкины
L03AC01,Aldesleykin,Алдеслейкин
L03AC02,Oprelvekin,Опрелвекин
L03AX,Boshqa immunostimulyatorlar,Другие иммуностимуляторы
L03AX01,Lentinan,Лентинан
L03AX02,Roxinimeks,Рохинимекс
L03AX03,Bsj-vaksina,Бцж-вакцина
L03AX04,Pegademaza,Пэгадемаза
L03AX05,Pidotimod,Пидотимод
L03AX06,Monoklonal antitanachalar 17-1a,Моноклональные антитела 17-1а
L03AX07,Poli I:C,Поли I:C
L03AX08,Poli IcLC,Поли IcLC
L03AX09,Timopentin,Тимопентин
L03AX10,Immunotsianin,Иммуноцианин
L03AX11,Tazonermin,Тазонермин
L03AX12,Melanomaga qarshi vaksina,Вакцина против меланомы
L03AX13,Glatiramer atsetati,Глатирамера ацетат
L03AX14,Gistamin digidroxloridi,Гистамина дигидрохлорид
L03AX15,Mifamurtid,Мифамуртид
L03AX16,Pleriksafor,Плериксафор
L03AX18,Kridanimod,Криданимод
L03AX19,Dasiprotimut-T,Дасипротимут-T
L04AA,Selektiv immunodepressantlar,Селективные иммунодепрессанты
L04AA01,Siklosporin,Циклоспорин
L04AA02,Muromonab-CD3,Муромонаб-CD3
L04AA03,Antilimfotsitar immunoglobulin (otlardan olingan),Иммуноглобулин антилимфоцитарный (лошадиный)
L04AA04,Antitimotsitar immunoglobulin (quyonlardan olingan),Иммуноглобулин антитимоцитарный (кроличий)
L04AA05,Takrolimus,Такролимус
L04AA06,Mikofenolat kislotasi,Микофеноловая кислота
L04AA08,Daklizumab,Даклизумаб
L04AA09,Baziliksimab,Базиликсимаб
L04AA10,Sirolimus,Сиролимус
L04AA11,Etanersept,Этанерцепт
L04AA12,Infliksimab,Инфликсимаб
L04AA13,Leflunomid,Лефлуномид
L04AA14,Anakinra,Анакинра
L04AA15,Alefatsept,Алефацепт
L04AA16,Afelimomab,Афелимомаб
L04AA17,Adalimumab,Адалимумаб
L04AA18,Everolimus,Эверолимус
L04AA19,Gusperimus,Гусперимус
L04AA21,Efalizumab,Эфализумаб
L04AA22,Abetimus,Абетимус
L04AA23,Natalizumab,Натализумаб
L04AA24,Abatatsept,Абатацепт
L04AA25,Ekulizumab,Экулизумаб
L04AA26,Belimumab,Белимумаб
L04AA27,Fingolimod,Финголимод
L04AA28,Belatatsept,Белатацепт
L04AA29,Tofatsitinib,Тофацитиниб
L04AA31,Teriflunomid,Терифлуномид
L04AA32,Apremilast,Апремиласт
L04AA33,Vedolizumab,Ведолизумаб
L04AA34,Alemtuzumab,Алемтузумаб
L04AA35,Begelomab,Бегеломаб
L04AA36,Okrelizumab,Окрелизумаб
L04AA37,Baritsitinib,Барицитиниб
L04AB,"Alfa (fno-alfa) oʻsmasi, nekroz faktor ingibitorlari",Ингибиторы фактора некроза опухоли альфа (фно-альфа)
L04AB01,Etanersept,Этанерцепт
L04AB02,Infliksimab,Инфликсимаб
L04AB03,Afelimomab,Афелимомаб
L04AB04,Adalimumab,Адалимумаб
L04AB05,Sertolizumab pegol,Цертолизумаб пэгол
L04AB06,Golimumab,Голимумаб
L04AC,Interleykin ingibitorlari,Ингибиторы интерлейкина
L04AC01,Daklizumab,Даклизумаб
L04AC02,Baziliksimab,Базиликсимаб
L04AC03,Anakinra,Анакинра
L04AC04,Rilonatsept,Рилонацепт
L04AC05,Ustekinumab,Устекинумаб
L04AC06,Mepolizumab,Меполизумаб
L04AC07,Totsilizumab,Тоцилизумаб
L04AC08,Kanakinumab,Канакинумаб
L04AC10,Sekukinumab,Секукинумаб
L04AC13,Sarilumab,Сарилумаб
L04AD,Kalsinevrin ingibitorlari,Ингибиторы кальциневрина
L04AD01,Siklosporin,Циклоспорин
L04AD02,Takrolimus,Такролимус
L04AX,Boshqa immunodepressantlar,Другие иммунодепрессанты
L04AX01,Azatioprin,Азатиоприн
L04AX02,Talidomid,Талидомид
L04AX03,Metotreksat (ichga qabul qilish uchun),Метотрексат (для приема внутрь)
L04AX04,Lenalidomid,Леналидомид
L04AX05,Pirfenidon,Пирфенидон
L04AX06,Pomalidomid,Помалидомид
M01AA,Butilpirazolidlar,Бутилпиразолидины
M01AA01,Fenilbutazon,Фенилбутазон
M01AA02,Mofebutazon,Мофебутазон
M01AA03,Oksifenbutazon,Оксифенбутазон
M01AA05,Klofezon,Клофезон
M01AA06,Kebuzon,Кебузон
M01AB,Sirka kislota hosilalari va unga oʻxshash birikmalar,Производные уксусной кислоты и родственные соединения
M01AB01,Indometatsin,Индометацин
M01AB02,Sulindak,Сулиндак
M01AB03,Tolmetin,Толметин
M01AB04,Zomepirak,Зомепирак
M01AB05,Diklofenak,Диклофенак
M01AB06,Alklofenak,Алклофенак
M01AB07,Bumadizon,Бумадизон
M01AB08,Etodolak,Этодолак
M01AB09,Lonazolak,Лоназолак
M01AB10,Fentiazak,Фентиазак
M01AB11,Asemetatsin,Ацеметацин
M01AB12,Difenpiramid,Дифенпирамид
M01AB13,Oksametatsin,Оксаметацин
M01AB14,Proglumetatsin,Проглуметацин
M01AB15,Ketorolak,Кеторолак
M01AB16,Aseklofenak,Ацеклофенак
M01AB17,Bufeksamak,Буфексамак
M01AB51,Indometatsin boshqa vositalar bilan majmuada,Индометацин в комбинации со средствами
M01AB55,Diklofenak boshqa vositalar bilan majmuada,Диклофенак в комбинации со средствами
M01AC,Oksikamlar,Оксикамы
M01AC01,Piroksikam,Пироксикам
M01AC02,Tenoksikam,Теноксикам
M01AC04,Droksikam,Дроксикам
M01AC05,Lornoksikam,Лорноксикам
M01AC06,Meloksikam,Мелоксикам
M01AE,Propion kislotasi hosilalari,Производные пропионовой кислоты
M01AE01,Ibuprofen,Ибупрофен
M01AE02,Naproksen,Напроксен
M01AE03,Ketoprofen,Кетопрофен
M01AE04,Fenoprofen,Фенопрофен
M01AE05,Fenbufen,Фенбуфен
M01AE06,Benoksaprofen,Беноксапрофен
M01AE07,Suprofen,Супрофен
M01AE08,Pirprofen,Пирпрофен
M01AE09,Flurbiprofen,Флурбипрофен
M01AE10,Indoprofen,Индопрофен
M01AE11,Tiaprofen kislotasi,Тиапрофеновая кислота
M01AE12,Oksaprozin,Оксапрозин
M01AE13,Ibuproksam,Ибупроксам
M01AE14,Deksibuprofen,Дексибупрофен
M01AE15,Flunoksaprofen,Флуноксапрофен
M01AE16,Alminoprofen,Алминопрофен
M01AE17,Deksketoprofen,Декскетопрофен
M01AE18,Naprokssinod,Напроксцинод
M01AE51,Ibuprofen boshqa vositalar bilan majmuada,Ибупрофен в комбинации со средствами
M01AE52,Naproksen va ezomeprazol,Напроксен и эзомепразол
M01AE53,Ketoprofen boshqa vositalar bilan majmuada,Кетопрофен в комбинации со средствами
M01AE56,Mizoprostol va naproksen,Мизопростол и напроксен
M01AG,Fenamatlar,Фенаматы
M01AG01,Mefenam kislotasi,Мефенамовая кислота
M01AG02,Tolfenam kislotasi,Толфенамовая кислота
M01AG03,Flufenam kislotasi,Флуфенамовая кислота
M01AG04,Meklofenam kislotasi,Меклофенамовая кислота
M01AH,Koksiblar,Коксибы
M01AH01,Selekoksib,Целекоксиб
M01AH02,Rofekoksib,Рофекоксиб
M01AH03,Valdekoksib,Валдекоксиб
M01AH04,Parekoksib,Парекоксиб
M01AH05,Etorikoksib,Эторикоксиб
M01AH06,Lumirakoksib,Лумиракоксиб
M01AX,Boshqa nosteroid yalligʻlanishga qarshi va revmatizimga qarshi preparatlar,Другие нестероидные противовоспалительные и противоревматические препараты
M01AX01,Nabumeton,Набуметон
M01AX02,Niflumat kislotasi,Нифлумовая кислота
M01AX04,Azapropazon,Азапропазон
M01AX05,Glyukozamin,Глюкозамин
M01AX07,Benzidamin,Бензидамин
M01AX12,Mukartrin,Мукартрин
M01AX13,Prokvazon,Проквазон
M01AX14,Orgotein,Орготеин
M01AX17,Nimesulid,Нимесулид
M01AX18,Feprazon,Фепразон
M01AX21,Diatserein,Диацереин
M01AX22,Morniflumat,Морнифлумат
M01AX23,Tenidap,Тенидап
M01AX24,Oksatseprol,Оксацепрол
M01AX25,Xondroitina sulfat,Хондроитина сульфат
M01AX68,Feprazon vositalar bilan majmuada,Фепразон в комбинации со средствами
M01BA,Yalligʻlanishga qarshi / revmatizmga qarshi vositalar kortikosteroidlar bilan majmuada,Противовоспалительные / противоревматические средства в комбинации с кортикостероидами
M01BA01,Fenilbutazon glyukokortikosteroidlar bilan majmuada,Фенилбутазон в комбинации с глюкокортикостероидами
M01BA02,Dipirotsetil glyukokortikosteroidlar bilan majmuada,Дипироцетил в комбинации с глюкокортикостероидами
M01BA03,Asetilsalitsil kislotasi glyukokortikosteroidlar bilan majmuada,Ацетилсалициловая кислота в комбинации с глюкокортикостероидами
M01CA,Xinolinlar,Хинолины
M01CA03,Oksitsinxofen,Оксицинхофен
M01CB,Oltin preparatlari,Препараты золота
M01CB01,Natriy aurotiomalati,Натрия ауротиомалат
M01CB02,Natriy aurotiosulfati,Натрия ауротиосульфат
M01CB03,Auranofin,Ауранофин
M01CB04,Aurotioglyukoza,Ауротиоглюкоза
M01CB05,Aurotioprol,Ауротиопрол
M01CC,Penitsillamin va unga oʻxshash preparatlar,Пеницилламин и подобные препараты
M01CC01,Penitsillamin,Пеницилламин
M01CC02,Butsillamin,Буцилламин
M02AA,Mahalliy qoʻllash uchun nosteroid yalligʻlanishga qarshi preparatlar,Нестероидные противовоспалительные препараты для местного применения
M02AA01,Fenilbutazon,Фенилбутазон
M02AA02,Mofebutazon,Мофебутазон
M02AA03,Klofezon,Клофезон
M02AA04,Oksifenbutazon,Оксифенбутазон
M02AA05,Benzidamin,Бензидамин
M02AA06,Etofenamat,Этофенамат
M02AA07,Piroksikam,Пироксикам
M02AA08,Felbinak,Фелбинак
M02AA09,Bufeksamak,Буфексамак
M02AA10,Ketoprofen,Кетопрофен
M02AA11,Bendazak,Бендазак
M02AA12,Naproksen,Напроксен
M02AA13,Ibuprofen,Ибупрофен
M02AA14,Fentiazak,Фентиазак
M02AA15,Diklofenak,Диклофенак
M02AA16,Feprazon,Фепразон
M02AA17,Niflumat kislotasi,Нифлумовая кислота
M02AA18,Meklofenam kislotasi,Меклофенамовая кислота
M02AA19,Flurbiprofen,Флурбипрофен
M02AA21,Tolmetin,Толметин
M02AA22,Suksibuzon,Суксибузон
M02AA23,Indometatsin,Индометацин
M02AA24,Nifenazon,Нифеназон
M02AA25,Aseklofenak,Ацеклофенак
M02AA26,Nimesulid,Нимесулид
M02AA27,Deksketoprofen,Декскетопрофен
M02AA28,Piketoprofen,Пикетопрофен
M02AB,Kapsaitsin va unga oʻxshash vositalar,Капсаицин и подобные средства
M02AB01,Kapsaitsin,Капсаицин
M02AB02,Zukapsaitsin,Зукапсаицин
M02AX,Boʻgʻim va mushak ogʻriqlarida mahalliy qoʻllash uchun boshqa preparatlar,Другие препараты для местного применения при мышечных и суставных болях
M02AX02,Tolazolin,Толазолин
M02AX03,Dimetilsulfoksid,Диметилсульфоксид
M02AX10,Boshqa preparatlar,Прочие препараты
M03AA,Kurare alkaloidlari,Алкалоиды кураре
M03AA01,Alkuroniy xloridi,Алкурония хлорид
M03AA02,Tubokurarin xloridi,Тубокурарина хлорид
M03AA04,Dimetiltubokurarin,Диметилтубокурарин
M03AB,Xolin hosilalari,Производные холина
M03AB01,Suksametoniy xloridi,Суксаметония хлорид
M03AC,Boshqa toʻrtlamchi ammoniy birikmalari,Другие четвертичные аммониевые соединения
M03AC01,Pankuroniy bromidi,Панкурония бромид
M03AC02,Gallamin,Галламин
M03AC03,Vekuroniy bromidi,Векурония бромид
M03AC04,Atrakuriy bezilati,Атракурия безилат
M03AC05,Geksafluroniy bromidi,Гексафлурония бромид
M03AC06,Pipekuroniy bromidi,Пипекурония бромид
M03AC07,Doksakuriy xloridi,Доксакурия хлорид
M03AC08,Fazadiniy bromidi,Фазадиния бромид
M03AC09,Rokuroniy bromidi,Рокурония бромид
M03AC10,Mivakuriy xloridi,Мивакурия хлорид
M03AC11,Sisatrakuriy bezilati,Цисатракурия безилат
M03AX,Boshqa toʻrtlamchi ammoniy birikmalari,Другие миорелаксанты периферического действия
M03AX01,Botulin toksini,Ботулинический токсин
M03BA,Karbamin kislotasi efiri,Эфиры карбаминовой кислоты
M03BA01,Fenprobamat,Фенпробамат
M03BA02,Karizoprodol,Каризопродол
M03BA03,Metokarbamol,Метокарбамол
M03BA04,Stiramat,Стирамат
M03BA05,Febarbamat,Фебарбамат
M03BA51,Fenprobamat vositalar bilan majmuada (psixotrop preparatlardan tashqari),Фенпробамат в комбинации со средствами (исключая психотропные препараты)
M03BA52,Karisoprodol vositalar bilan majmuada (psixotrop preparatlardan tashqari),Карисопродол в комбинации со средствами (исключая психотропные препараты)
M03BA53,Metokarbamol vositalar bilan majmuada (psixotrop preparatlardan tashqari),Метокарбамол в комбинации со средствами (исключая психотропные препараты)
M03BA71,Fenprobamat psixotrop vositalar bilan majmuada,Фенпробамат в комбинации с психотропными средствами
M03BA72,Karisoprodol psixotrop vositalar bilan majmuada,Карисопродол в комбинации с психотропными средствами
M03BA73,Metokarbamol psixotrop vositalar bilan majmuada,Метокарбамол в комбинации с психотропными средствами
M03BB,"Oksazol, tiazin va triazin hosilalari","Производные оксазола, тиазина и триазина"
M03BB02,Xlormezanon,Хлормезанон
M03BB03,Xlorzoksazon,Хлорзоксазон
M03BB52,Xlormezanon vositalar bilan majmuada (psixotrop preparatlardan tashqari),Хлормезанон в комбинации со средствами (исключая психотропные препараты)
M03BB53,Xlorzoksazon vositalar bilan majmuada (psixotrop preparatlardan tashqari),Хлорзоксазон в комбинации со средствами (исключая психотропные препараты)
M03BB72,Xlormezanon psixotrop vositalar bilan majmuada,Хлормезанон в комбинации с психотропными средствами
M03BB73,Xlorzoksazon psixotrop vositalar bilan majmuada,Хлорзоксазон в комбинации с психотропными средствами
M03BC,Antigistamin vositalarining kimyoviy strukturasi boʻyicha yaqin efirlar,"Эфиры, близкие по химической структуре к антигистаминным средствам"
M03BC01,Orfenadrin,Орфенадрин
M03BC51,Orfenadrin boshqa vositalar bilan majmuada,Орфенадрин в комбинации со средствами
M03BX,Boshqa markaziy taʼsirga ega miorelaksantlar,Другие миорелаксанты центрального действия
M03BX01,Baklofen,Баклофен
M03BX02,Tizanidin,Тизанидин
M03BX03,Pridinol,Придинол
M03BX04,Tolperizon,Толперизон
M03BX05,Tiokolxikozid,Тиоколхикозид
M03BX06,Mefenezin,Мефенезин
M03BX07,Tetrazepam,Тетразепам
M03BX08,Siklobenzaprin,Циклобензаприн
M03BX09,Eperizon,Эперизон
M03BX30,Feniramidol,Фенирамидол
M03BX55,"Tiokolxikozid, majmuada","Тиоколхикозид, комбинации"
M03CA,Dantrolen va uning hosilalari,Дантролен и его производные
M03CA01,Dantrolen,Дантролен
M04AA,Siydik kislotasi ingibitorlari,Ингибиторы образования мочевой кислоты
M04AA01,Allopurinol,Аллопуринол
M04AA02,Tizopurin,Тизопурин
M04AA03,Febuksostat,Фебуксостат
M04AA51,Allopurinol boshqa vositalar bilan majmuada,Аллопуринол в комбинации со средствами
M04AB,Siydik kislotasini chiqarilishini oshiruvchi preparatlar,"Препараты, увеличивающие выведение мочевой кислоты"
M04AB01,Probenetsid,Пробенецид
M04AB02,Sulfinpirazon,Сульфинпиразон
M04AB03,Benzbromaron,Бензбромарон
M04AB04,Izobromindion,Изоброминдион
M04AC,Siydik kislotasi metabolizmiga taʼsir koʻrsatmaydigan preparatlar,"Препараты, не влияющие на метаболизм мочевой кислоты"
M04AC01,Kolxitsin,Колхицин
M04AC02,Sinxofen,Цинхофен
M04AX,Boshqa podagraga qarshi preparatlar,Другие противоподагрические препараты
M04AX01,Uratoksidaza,Уратоксидаза
M05BA,Bifosfonatlar,Бифосфонаты
M05BA01,Etidron kislotasi,Этидроновая кислота
M05BA02,Klodron kislota,Клодроновая кислота
M05BA03,Pamidron kislotasi,Памидроновая кислота
M05BA04,Alendron kislotasi,Алендроновая кислота
M05BA05,Tiludron kislotasi,Тилудроновая кислота
M05BA06,Ibandron kislotasi,Ибандроновая кислота
M05BA07,Rizedron kislotasi,Ризедроновая кислота
M05BA08,Zoledron kislotasi,Золедроновая кислота
M05BB,Bifosfonatlar vositalar bilan majmuada,Бифосфонаты в комбинации со средствами
M05BB01,Etidron kislotasi kalsiy preparatlari bilan majmuada,Этидроновая кислота в комбинации с препаратами кальция
M05BB02,Rizedron kislotasi kalsiy preparatlari bilan majmuada,Ризедроновая кислота в комбинации с препаратами кальция
M05BB03,Alendron kislotasi va kolekalsiferol,Алендроновая кислота и колекальциферол
M05BB04,"Kolekalsiferol, rizedron kislotasi va kalsiy preparatlari","Колекальциферол, ризедроновая кислота и препараты кальция"
M05BB05,"Alendron kislotasi, kolekalsiferol va kalsiy preparatlari, navbatma-navbat qabul qilish uchun","Алендроновая кислота, колекальциферол и препараты кальция, для приёма с чередованием"
M05BB06,"Alendron kislotasi, alfakalsidiol, navbatma-navbat qabul qilish uchun","Алендроновая кислота, альфакальцидиол, для приёма с чередованием"
M05BB07,Rizedron kislotasi va kolekalsiferol,Ризедроновая кислота и колекальциферол
M05BB08,"Zoledron kislotasi, kalsiy va kolkalsiferol, ketma-ket qabul qilish","Золедроновая кислота, кальций и колкальциферол, последовательные"
M05BC,Suyakning morfogenetik oqsillari,Морфогенетические белки кости
M05BC01,Bmp-2,Бмп-2
M05BC02,Bmp-7,Бмп-7
M05BX,Suyak strukturasi va mineralizatsiyasiga taʼsir etuvchi boshqa preparatlar,"Другие препараты, влияющие на структуру и минерализацию костей"
M05BX01,Ipriflavon,Иприфлавон
M05BX02,Alyuminiy xlorogidrati,Алюминия хлорогидрат
M05BX03,Stronsiy ranelati,Стронция ранелат
M05BX04,Denosumab,Деносумаб
M05BX05,Burosumab,Буросумаб
M05BX53,Ranelat stronsiy va kolekalsiferol,Ранелат стронция и колекальциферол
M09AA,Xinin va uning hosilalari,Хинин и его производные
M09AA01,Gidroxinin,Гидрохинин
M09AA72,Xinin psixotrop vositalar bilan majmuada,Хинин в комбинации с психотропными средствами
M09AB,Ferment preparatlari,Ферментные препараты
M09AB01,Ximopapain,Химопапаин
M09AB03,Bromelainы,Бромелаины
M09AB52,Tripsin vositalar bilan majmuada,Трипсин в комбинации со средствами
M09AX,Suyak-mushak tizimi kasalliklarini davolash uchun boshqa preparatlar,Прочие препараты для лечения заболеваний костно-мышечной системы
M09AX01,Gialuron kislotasi,Гиалуроновая кислота
M09AX02,"Xondrotsitlar, autologik","Хондроциты, аутологичные"
M09AX03,Ataluren,Аталурен
M09AX04,Drisapersen,Дрисаперсен
M09AX05,Aseneyram kislotasi,Аценейрамовая кислота
N01AA,Efirlar,Эфиры
N01AA01,Dietil efiri,Эфир диэтиловый
N01AA02,Vinil efir,Виниловый эфир
N01AB,Galogenlangan uglevodorodlar,Галогенированные углеводороды
N01AB01,Galotan,Галотан
N01AB02,Xloroform,Хлороформ
N01AB03,Metoksifluran,Метоксифлуран
N01AB04,Enfluran,Энфлуран
N01AB05,Trixloroetilen,Трихлороэтилен
N01AB06,Izofluran,Изофлуран
N01AB07,Desfluran,Десфлуран
N01AB08,Sevofluran,Севофлуран
N01AF,Barbituratlar,Барбитураты
N01AF01,Metogeksital,Метогекситал
N01AF02,Geksobarbital,Гексобарбитал
N01AF03,Tiopental natriy,Тиопентал натрия
N01AG,Barbituratlar vositalar bilan majmuada,Барбитураты в комбинации со средствами
N01AG01,Narkobarbital,Наркобарбитал
N01AH,Opioid analgetiklar,Опиоидные анальгетики
N01AH01,Fentanil,Фентанил
N01AH02,Alfentanil,Алфентанил
N01AH03,Sufentanil,Суфентанил
N01AH04,Fenoperidin,Феноперидин
N01AH05,Anileridin,Анилеридин
N01AH06,Remifentanil,Ремифентанил
N01AH51,Fentanil vositalar bilan majmuada,Фентанил в комбинации со средствами
N01AX,Boshqa umumiy anestetiklar,Другие общие анестетики
N01AX01,Droperidol,Дроперидол
N01AX03,Ketamin,Кетамин
N01AX04,Propanidid,Пропанидид
N01AX05,Alfaksalon,Альфаксалон
N01AX07,Etomidat,Этомидат
N01AX10,Propofol,Пропофол
N01AX11,Gidroksimoy kislotasi,Гидроксимаслянная кислота
N01AX13,Dinitrogen oksidi,Динитрогена оксид
N01AX14,Ketamin,Кетамин
N01AX15,Ksenon,Ксенон
N01AX63,Azot (I) oksidi majmualari,Закись азота комбинации
N01BA,Aminobenzoy kislotasi efiri,Эфиры аминобензойной кислоты
N01BA01,Metabutetamin,Метабутетамин
N01BA02,Prokain,Прокаин
N01BA03,Tetrakain,Тетракаин
N01BA04,Xloroprokain,Хлоропрокаин
N01BA05,Benzokain,Бензокаин
N01BA52,Prokain vositalar bilan majmuada,Прокаин в комбинации со средствами
N01BB,Amidlar,Амиды
N02BB01,Fenazon,Феназон
N02BB02,Metamizol natriy,Метамизол натрия
N02BB03,Aminofenazon,Аминофеназон
N02BB04,Propifenazon,Пропифеназон
N02BB05,Nifenazon,Нифеназон
N02BB51,Fenazon boshqa vositalar bilan majmuada (psixotrop preparatlardan tashqari),Феназон в комбинации со средствами (исключая психотропные препараты)
N02BB52,Metamizol natriya boshqa vositalar bilan majmuada (psixotrop preparatlardan tashqari),Метамизол натрия в комбинации со средствами (исключая психотропные препараты)
N02BB53,Aminofenazon vositalar bilan majmuada (psixotrop preparatlardan tashqari),Аминофеназон в комбинации со средствами (исключая психотропные препараты)
N02BB54,Propilfenazon boshqa vositalar bilan majmuada (psixotrop preparatlardan tashqari),Пропилфеназон в комбинации со средствами (исключая психотропные препараты)
N02BB71,Fenazon psixotrop vositalar bilan majmuada,Феназон в комбинации с психотропными средствами
N02BB72,Metamizol natriya psixotrop vositalar bilan majmuada,Метамизол натрия в комбинации с психотропными средствами
N02BB73,Aminofenazon psixotrop vositalar bilan majmuada,Аминофеназон в комбинации с психотропными средствами
N02BB74,Propilfenazon psixotrop vositalar bilan majmuada,Пропилфеназон в комбинации с психотропными средствами
N02BE,Anilidlar,Анилиды
N02BE01,Paratsetamol,Парацетамол
N02BE03,Fenatsetin,Фенацетин
N02BE04,Butsetin,Буцетин
N02BE05,Propatsetamol,Пропацетамол
N02BE51,Paratsetamol boshqa vositalar bilan majmuada (psixotrop preparatlardan tashqari),Парацетамол в комбинации со средствами (исключая психотропные препараты)
N02BE53,Fenatsetin boshqa vositalar bilan majmuada (psixotrop preparatlardan tashqari),Фенацетин в комбинации со средствами (исключая психотропные препараты)
N02BE54,Butsetin boshqa vositalar bilan majmuada (psixotrop preparatlardan tashqari),Буцетин в комбинации со средствами (исключая психотропные препараты)
N02BE71,Paratsetamol psixotrop vositalar bilan majmuada,Парацетамол в комбинации с психотропными средствами
N02BE73,Fenatsetin psixotrop vositalar bilan majmuada,Фенацетин в комбинации с психотропными средствами
N02BE74,Butsetin psixotrop vositalar bilan majmuada,Буцетин в комбинации с психотропными средствами
N02BG,Boshqa analgetiklar va antipiretiklar,Прочие анальгетики и антипиретики
N02BG02,Rimazoliy,Римазолий
N02BG03,Glafenin,Глафенин
N02BG04,Floktafenin,Флоктафенин
N02BG05,Viminol,Виминол
N02BG06,Nefopam,Нефопам
N02BG07,Flupirtin,Флупиртин
N02BG08,Zikonotid,Зиконотид
N02BG09,Metoksifluran,Метоксифлуран
N02BG10,Nabiksimols,Набиксимолс
N02CA,Sporin alkaloidlari,Алкалоиды спорыньи
N02CA01,Digidroergotamin,Дигидроэрготамин
N02CA02,Ergotamin,Эрготамин
N02CA04,Metizergid,Метизергид
N02CA07,Lizurid,Лизурид
N02CA51,Digidroergotamin boshqa vositalar bilan majmuada,Дигидроэрготамин в комбинации со средствами
N02CA52,Ergotamin boshqa vositalar bilan majmuada (psixotrop preparatlardan tashqari),Эрготамин в комбинации со средствами (исключая психотропные препараты)
N02CA72,Ergotamin psixotrop vositalar bilan majmuada,Эрготамин в комбинации с психотропными средствами
N02CB,kortikosteroid hosilalari,Производные кортикостероидов
N02CB01,Flumedrokson,Флумедроксон
N02CC,Selektiv serotonin 5ht1 retseptorlari agonistlari,Селективные агонисты серотониновых 5ht1-рецепторов
N02CC01,Sumatriptan,Суматриптан
N02CC02,Naratriptan,Наратриптан
N02CC03,Zolmitriptan,Золмитриптан
N02CC04,Rizatriptan,Ризатриптан
N02CC05,Almotriptan,Алмотриптан
N02CC06,Eletriptan,Элетриптан
N02CC07,Frovatriptan,Фроватриптан
N02CX,Migrenni davolash uchun boshqa preparatlar,Другие препараты для лечения мигрени
N02CX01,Pizotifen,Пизотифен
N02CX02,Klonidin,Клонидин
N02CX03,Iprazoxrom,Ипразохром
N02CX05,Dimetotiazin,Диметотиазин
N02CX06,Oksetoron,Оксеторон
N03AA,Barbituratlar va ularning hosilalari,Барбитураты и их производные
N03AA01,Metilfenobarbital,Метилфенобарбитал
N03AA02,Fenobarbital,Фенобарбитал
N03AA03,Primidon,Примидон
N03AA04,Barbeksaklon,Барбексаклон
N03AA05,Benzobarbital,Бензобарбитал
N03AA30,Metarbital,Метарбитал
N03AB,Gidantoin hosilalari,Производные гидантоина
N03AC,Oksazolidin hosilalari,Производные оксазолидина
N03AD,Suksinimid hosilalari,Производные сукцинимида
N03AD01,Etosuksimid,Этосуксимид
N03AD02,Fensuksimid,Фенсуксимид
N03AD03,Mesuksimid,Месуксимид
N03AD51,Etosuksimid boshqa vositalar bilan majmuada,Этосуксимид в комбинации со средствами
N03AE,Benzodiazepin hosilalari,Производные бензодиазепина
N03AE01,Klonazepam,Клоназепам
N03AF,Karboksamid hosilalari,Производные карбоксамида
N03AF01,Karbamazepin,Карбамазепин
N03AF02,Okskarbazepin,Окскарбазепин
N03AF03,Rufinamid,Руфинамид
N03AF04,Eslikarbazepin,Эсликарбазепин
N03AG,Yogʻ kislotalari hosilalari,Производные жирных кислот
N03AG01,Valproat kislotasi,Вальпроевая кислота
N03AG02,Valpromid,Вальпромид
N03AG03,Gamma-aminomoy kislotasi,Гамма-аминомасляная кислота
N03AG04,Vigabatrin,Вигабатрин
N03AG05,Progabid,Прогабид
N03AG06,Tiagabin,Тиагабин
N03AX,Boshqa tutqanoqga qarshi preparatlar,Другие противоэпилептические препараты
N03AX03,Sultiam,Сультиам
N03AX07,Fenatsemid,Фенацемид
N03AX09,Lamotridjin,Ламотриджин
N03AX10,Felbamat,Фелбамат
N03AX11,Topiramat,Топирамат
N03AX12,Gabapentin,Габапентин
N03AX13,Feneturid,Фенетурид
N03AX14,Levetiratsetam,Леветирацетам
N03AX15,Zonisamid,Зонисамид
N03AX16,Pregabalin,Прегабалин
N03AX17,Stiripentol,Стирипентол
N03AX18,Lakosamid,Лакосамид
N03AX19,Karisbamat,Карисбамат
N03AX21,Retigabin,Ретигабин
N03AX22,Perampanel,Перампанел
N03AX23,Brivaratsetam,Бриварацетам
N03AX30,Beklamid,Бекламид
N04AA,Uchlamchi aminlar,Третичные амины
N04AA01,Trigeksifenidil,Тригексифенидил
N04AA02,Biperiden,Бипериден
N04AA03,Metiksen,Метиксен
N04AA04,Protsiklidin,Проциклидин
N04AA05,Profenamin,Профенамин
N04AA08,Deksetimid,Дексэтимид
N04AA09,Fenglutarimid,Фенглутаримид
N04AA10,Mazatikol,Мазатикол
N04AA11,Bornaprin,Борнаприн
N04AA12,Tropatepin,Тропатепин
N04AB,Kimyoviy strukturasi boʻyicha antigistamin vositalariga yaqin boʻlgan efirlar,"Эфиры, близкие по химической структуре к антигистаминным средствам"
N04AB01,Etanautin,Этанаутин
N04AB02,Orfenadrin,Орфенадрин
N04AC,Tropin efirlari yoki tropin hosilalari,Эфиры тропина или производные тропина
N04AC01,Benzatropin,Бензатропин
N04AC30,Etibenzatropin,Этибензатропин
N04BA,Dopa va uning hosilalari,Допа и ее производные
N04BA01,Levodopa,Леводопа
N04BA02,Levodopa va l-dopa-dekarboksilaza ingibitori,Леводопа и l-dopa-декарбоксилазы ингибитор
N04BA03,"Levodopa, dekarboksilaza ingibitori va KOMT ingibitori","Леводопа, ингибитор декарбоксилазы и ингибитор КOMT"
N04BA04,Melevodopa,Мелеводопа
N04BA05,Melevodopa va dekarboksilaza ingibitori,Мелеводопа и декарбоксилазы ингибитор
N04BA06,Etilevodopa va dekarboksilaza ingibitori,Этилеводопа и декарбоксилазы ингибитор
N04BB,Adamantan hosilalari,Производные адамантана
N04BB01,Amantadin,Амантадин
N04BC,Dofamin retseptorlari agonistlari,Агонисты дофаминовых рецепторов
N04BC01,Bromokriptin,Бромокриптин
N04BC02,Pergolid,Перголид
N04BC03,Digidroergokriptin mezilati,Дигидроэргокриптина мезилат
N04BC04,Ropinirol,Ропинирол
N04BC05,Pramipeksol,Прамипексол
N04BC06,Kabergolin,Каберголин
N04BC07,Apomorfin,Апоморфин
N04BC08,Piribedil,Пирибедил
N04BC09,Rotigotin,Ротиготин
N04BD,V tipdagi monoaminoksidaza ingibitorlari,Ингибиторы моноаминоксидазы типа в
N04BD01,Selegilin,Селегилин
N04BD02,Razagilin,Разагилин
N04BX,Boshqa dofaminergik vositalar,Другие дофаминергические средства
N04BX01,Tolkapon,Толкапон
N04BX02,Entakapon,Энтакапон
N04BX03,Budipin,Будипин
N05AA,Alifatik fenotiazin hosilalari,Алифатические производные фенотиазина
N05AA01,Xlorpromazin,Хлорпромазин
N05AA02,Levomepromazin,Левомепромазин
N05AA03,Promazin,Промазин
N05AA04,Asepromazin,Ацепромазин
N05AA05,Triflupromazin,Трифлупромазин
N05AA06,Siamemazin,Циамемазин
N05AA07,Xlorproetazin,Хлорпроэтазин
N05AB,Piperazin fenotiazin hosilalari,Пиперазиновые производные фенотиазина
N05AB01,Diksirazin,Диксиразин
N05AB02,Flufenazin,Флуфеназин
N05AB03,Perfenazin,Перфеназин
N05AB04,Proxlorperazin,Прохлорперазин
N05AB05,Tiopropazat,Тиопропазат
N05AB06,Trifluoperazin,Трифлуоперазин
N05AB07,Asetofenazin,Ацетофеназин
N05AB08,Tioproperazin,Тиопроперазин
N05AB09,Butaperazin,Бутаперазин
N05AB10,Perazin,Перазин
N05AC,Piperazin fenotiazin hosilalari,Пиперидиновые производные фенотиазина
N05AC01,Peritsiazin,Перициазин
N05AC02,Tioridazin,Тиоридазин
N05AC03,Mezoridazin,Мезоридазин
N05AC04,Pipotiazin,Пипотиазин
N05AD,Butirofenon hosilalari,Производные бутирофенона
N05AD01,Galoperidol,Галоперидол
N05AD02,Trifluperidol,Трифлуперидол
N05AD03,Melperon,Мелперон
N05AD04,Moperon,Моперон
N05AD05,Pipamperon,Пипамперон
N05AD06,Bromperidol,Бромперидол
N05AD07,Benperidol,Бенперидол
N05AD08,Droperidol,Дроперидол
N05AD09,Fluanizon,Флуанизон
N05AE,Indol hosilalari,Производные индола
N05AE01,Oksipertin,Оксипертин
N05AE02,Molindon,Молиндон
N05AE03,Sertindol,Сертиндол
N05AE04,Ziprasidon,Зипрасидон
N05AE05,Lurazidon,Луразидон
N05AF,Tioksanten hosilalari,Производные тиоксантена
N05AF01,Flupentiksol,Флупентиксол
N05AF02,Klopentiksol,Клопентиксол
N05AF03,Xlorprotiksen,Хлорпротиксен
N05AF04,Tiotiksen,Тиотиксен
N05AF05,Zuklopentiksol,Зуклопентиксол
N05AG,Difenilbutilpiperidin hosilalari,Производные дифенилбутилпиперидина
N05AG01,Fluspirilen,Флуспирилен
N05AG02,Pimozid,Пимозид
N05AG03,Penfluridol,Пенфлуридол
N05AH,"Diazepinlar, oksazepinlar, tiazepinlar va oksepinlar","Диазепины, оксазепины, тиазепины и оксепины"
N05AH01,Loksapin,Локсапин
N05AH02,Klozapin,Клозапин
N05AH03,Olanzapin,Оланзапин
N05AH04,Kvetiapin,Кветиапин
N05AH05,Azenapin,Азенапин
N05AH06,Klotiapin,Клотиапин
N05AN,Litiy preparatlari,Препараты лития
N05AN01,Litiya soli,Лития соли
N05AX,Boshqa antipsixotik vositalar,Другие антипсихотические средства
N05AX07,Protipendil,Протипендил
N05AX08,Risperidon,Рисперидон
N05AX10,Mozapramin,Мозапрамин
N05AX11,Zotepin,Зотепин
N05AX12,Aripiprazol,Арипипразол
N05AX13,Paliperidon,Палиперидон
N05AX14,Iloperidon,Илоперидон
N05AX15,Kariprazin,Карипразин
N05AX16,Brekspiprazol,Брекспипразол
N05AX17,Pimavanserin,Пимавансерин
N05BA,Benzodiazepin hosilalari,Производные бензодиазепина
N05BA01,Diazepam,Диазепам
N05BA02,Xlordiazepoksid,Хлордиазепоксид
N05BA03,Medazepam,Медазепам
N05BA04,Oksazepam,Оксазепам
N05BA05,Dikaliy klorazepati,Клоразепат дикалия
N05BA06,Lorazepam,Лоразепам
N05BA07,Adinazolam,Адиназолам
N05BA08,Bromazepam,Бромазепам
N05BA09,Klobazam,Клобазам
N05BA10,Ketazolam,Кетазолам
N05BA11,Prazepam,Празепам
N05BA12,Alprazolam,Алпразолам
N05BA13,Galazepam,Галазепам
N05BA14,Pinazepam,Пиназепам
N05BA15,Kamazepam,Камазепам
N05BA16,Nordazepam,Нордазепам
N05BA17,Fludiazepam,Флудиазепам
N05BA18,Etil loflazepat,Этил лофлазепат
N05BA19,Etizolam,Этизолам
N05BA21,Klotiazepam,Клотиазепам
N05BA22,Kloksazolam,Клоксазолам
N05BA23,Tofizopam,Тофизопам
N05BA24,Bentazepam,Бентазепам
N05BA56,Lorazepam boshqa vositalar bilan majmuada,Лоразепам в комбинации со средствами
N05BB,Difenilmetan hosilalari,Производные дифенилметана
N05BB01,Gidroksizin,Гидроксизин
N05BB02,Kaptodiam,Каптодиам
N05BB51,Gidroksizin boshqa vositalar bilan majmuada,Гидроксизин в комбинации со средствами
N05BC,Karbamatlar,Карбаматы
N05BC01,Meprobamat,Мепробамат
N05BC03,Emilkamat,Эмилкамат
N05BC04,Mebutamat,Мебутамат
N05BC51,Meprobamat boshqa vositalar bilan majmuada,Мепробамат в комбинации со средствами
N05BD,Dibenzobitsiklooktadiyen hosilasi,Производные дибензобициклооктадиена
N05BE,Azaspirodekandion hosilasi,Производные азаспиродекандиона
N05BE01,Buspiron,Буспирон
N05BX,Boshqa anksiolitiklar,Другие анксиолитики
N05BX01,Mefenoksalon,Мефеноксалон
N05BX02,Gedokarnil,Гедокарнил
N05BX03,Etifoksin,Этифоксин
N05BX04,Fabomotizol,Фабомотизол
N05CA,Barbituratlar,Барбитураты
N05CA01,Pentobarbital,Пентобарбитал
N05CA02,Amobarbital,Амобарбитал
N05CA03,Butobarbital,Бутобарбитал
N05CA04,Barbital,Барбитал
N05CA05,Aprobarbital,Апробарбитал
N05CA06,Sekobarbital,Секобарбитал
N05CA07,Talbutal,Талбутал
N05CA08,Vinilbital,Винилбитал
N05CA09,Vinbarbital,Винбарбитал
N05CA10,Siklobarbital,Циклобарбитал
N05CA11,Geptabarbital,Гептабарбитал
N05CA12,Repozal,Репозал
N05CA15,Metogeksital,Метогекситал
N05CA16,Geksobarbital,Гексобарбитал
N05CA19,Tiopental natriya,Тиопентал натрия
N05CA20,Etallobarbital,Эталлобарбитал
N05CA21,Allobarbital,Аллобарбитал
N05CA22,Proksibarbal,Проксибарбал
N05CB,Barbituratlar vositalar bilan majmuada,Барбитураты в комбинации со средствами
N05CB01,Barbituratlar majmuasi,Барбитуратов комбинация
N05CB02,Barbituratlar boshqa vositalar bilan majmuada,Барбитураты в комбинации со средствами
N05CC,Aldegidlar va ilarning hosilalari,Альдегиды и их производные
N05CC01,Xloral gidrat,Хлорал гидрат
N05CC02,Xloralodol,Хлоралодол
N05CC03,Asetilglitsinamid xloral gidrat,Ацетилглицинамид хлорал гидрат
N05CC04,Dixloralfenazon,Дихлоралфеназон
N05CC05,Paraldegid,Паральдегид
N05CD,Benzodiazepin hosilalari,Производные бензодиазепина
N05CD01,Flurazepam,Флуразепам
N05CD02,Nitrazepam,Нитразепам
N05CD03,Flunitrazepam,Флунитразепам
N05CD04,Estazolam,Эстазолам
N05CD05,Triazolam,Триазолам
N05CD06,Lormetazepam,Лорметазепам
N05CD07,Temazepam,Темазепам
N05CD08,Midazolam,Мидазолам
N05CD09,Brotizolam,Бротизолам
N05CD10,Kvazepam,Квазепам
N05CD11,Loprazolam,Лопразолам
N05CD12,Doksefazepam,Доксефазепам
N05CD13,Sinolazepam,Цинолазепам
N05CE,Benzodiazepin hosilalari,Производные пиперидиндиона
N05CE01,Glutetimid,Глутетимид
N05CE02,Metiprilon,Метиприлон
N05CE03,Piritildion,Пиритилдион
N05CF,Benzodiazepinga oʻxshash vositalar,Бензодиазепиноподобные средства
N05CF01,Zopiklon,Зопиклон
N05CF02,Zolpidem,Золпидем
N05CF03,Zaleplon,Залеплон
N05CF04,Eszopiklon,Эсзопиклон
N05CH,Melatonin retseptorlarining agonistlari,Агонисты мелатониновых рецепторов
N05CH01,Melatonin,Мелатонин
N05CH02,Ramelteon,Рамелтеон
N05CH03,Tasimeltion,Тасимелтион
N05CM,Boshqa uyqu va sedativ vositalar,Другие снотворные и седативные средства
N05CM01,Metakvalon,Метаквалон
N05CM02,Klometiazol,Клометиазол
N05CM03,Bromizoval,Бромизовал
N05CM04,Karbromal,Карбромал
N05CM05,Skopolamin,Скополамин
N05CM06,Propiomazin,Пропиомазин
N05CM07,Triklofos,Триклофос
N05CM08,Etxlorvinol,Этхлорвинол
N05CM09,Valerian,Валериан
N05CM10,Geksapropimat,Гексапропимат
N05CM11,Bromidы,Бромиды
N05CM12,Apronal,Апронал
N05CM13,Valnoktamid,Валноктамид
N05CM15,Metilpentinol,Метилпентинол
N05CM16,Niaprazin,Ниапразин
N05CM17,Melatonin,Мелатонин
N05CM18,Deksmedetomidin,Дексмедетомидин
N05CX,Barbituratlar boshqa vositalar bilan majmuadan tashqari boshqa uyqu va sedativ vositalar,"Снотворные и седативные средства, кроме барбитуратов, в комбинации со средствами"
N05CX01,Meprobamat boshqa vositalar bilan majmuada,Мепробамат в комбинации со средствами
N05CX02,Metakvalon boshqa vositalar bilan majmuada,Метаквалон в комбинации со средствами
N05CX03,Metilpentinol boshqa vositalar bilan majmuada,Метилпентинол в комбинации со средствами
N05CX04,Klometiazol boshqa vositalar bilan majmuada,Клометиазол в комбинации со средствами
N05CX05,Emeproniy bromidi boshqa vositalar bilan majmuada,Эмепрония бромид в комбинации со средствами
N05CX06,Dipiperonilaminoetanol boshqa vositalar bilan majmuada,Дипиперониламиноэтанол в комбинации со средствами
N06AA,Monoaminlarni qayta soʻrilishini noselektiv ingibitorlari,Неселективные ингибиторы обратного захвата моноаминов
N06AA01,Dezipramin,Дезипрамин
N06AA02,Imipramin,Имипрамин
N06AA03,Imipramin oksidi,Имипрамина оксид
N06AA04,Klomipramin,Кломипрамин
N06AA05,Opipramol,Опипрамол
N06AA06,Trimipramin,Тримипрамин
N06AA07,Lofepramin,Лофепрамин
N06AA08,Dibenzepin,Дибензепин
N06AA09,Amitriptilin,Амитриптилин
N06AA10,Nortriptilin,Нортриптилин
N06AA11,Protriptilin,Протриптилин
N06AA12,Doksepin,Доксепин
N06AA13,Iprindol,Иприндол
N06AA14,Melitratsen,Мелитрацен
N06AA15,Butriptilin,Бутриптилин
N06AA16,Dosulepin,Досулепин
N06AA17,Amoksapin,Амоксапин
N06AA18,Dimetakrin,Диметакрин
N06AA19,Amineptin,Аминептин
N06AA21,Maprotilin,Мапротилин
N06AA23,Xinupramin,Хинупрамин
N06BC,Ksantin hosilalari,Производные ксантина
N06BC01,Kofein,Кофеин
N06BC02,Propentofillin,Пропентофиллин
N06BX,Boshqa psixostimulyatorlar va nootrop preparatlar,Другие психостимуляторы и ноотропные препараты
N06BX01,Meklofenoksat,Меклофеноксат
N06BX02,Piritinol,Пиритинол
N06BX03,Piratsetam,Пирацетам
N06BX04,Deanol,Деанол
N06BX05,Fipeksid,Фипексид
N06BX06,Sitikolin,Цитиколин
N06BX07,Oksiratsetam,Оксирацетам
N06BX08,Pirisudanol,Пирисуданол
N06BX09,Linopirdin,Линопирдин
N06BX10,Nizofenon,Низофенон
N06BX11,Aniratsetam,Анирацетам
N06BX12,Asetilkarnitin,Ацетилкарнитин
N06BX13,Idebenon,Идебенон
N06BX14,Prolintan,Пролинтан
N06BX15,Pipradrol,Пипрадрол
N06BX16,Pramiratsetam,Прамирацетам
N06BX17,Adrafinil,Адрафинил
N06BX18,Vinpotsetin,Винпоцетин
N06BX21,Mebikar,Мебикар
N06BX22,Fenibut,Фенибут
N06CA,Antidepressantlar psixotrop vositalar bilan majmuada,Антидепрессанты в комбинации с психотропными средствами
N06CA01,Amitriptilin va psixoleptiklar,Амитриптилин и психолептики
N06CA02,Melitrasen va psixoleptiklar,Мелитрасен и психолептики
N06CA03,Fluoksetin va psixoleptiklar,Флуоксетин и психолептики
N06DA,Antixolinesteraz vositalar,Антихолинэстеразные средства
N06DA01,Takrin,Такрин
N06DA02,Donepezil,Донепезил
N06DA03,Rivastigmin,Ривастигмин
N06DA04,Galantamin,Галантамин
N06DA05,Ipidakrin,Ипидакрин
N06DA52,Donepezil va memantin,Донепезил и мемантин
N06DA53,"Donepezil, memantin va ginkgo folium","Донепезил, мемантин и гинкго фолиум"
N06DX,Demensiyani davolash uchun boshqa preparatlar,Другие препараты для лечения деменции
N06DX01,Memantin,Мемантин
N06DX02,Ginkgo biloba barglari ekstrakti,Гинкго билоба листьев экстракт
N07AA,Antixolinesteraz vositalari,Антихолинэстеразные средства
N07AA01,Neostigmin bromidi,Неостигмина бромид
N07AA02,Piridostigmin bromidi,Пиридостигмина бромид
N07AA03,Distigmin bromidi,Дистигмина бромид
N07AA30,Ambenoniy xloridi,Амбенония хлорид
N07AA51,Neostigmin bromidi boshqa vositalar bilan majmuada,Неостигмина бромид в комбинации со средствами
N07AB,Xolin efirlari,Эфиры холина
N07AB01,Karbaxol,Карбахол
N07AB02,Betanexol,Бетанехол
N07AX,Boshqa parasimpatomimetiklar,Другие парасимпатомиметики
N07AX01,Pilokarpin,Пилокарпин
N07AX02,Xolin alfosserati,Холина альфосцерат
N07AX03,Sevimelin,Цевимелин
N07BA,Nikotinga qaramlikda qoʻllaniladigan preparatlar,"Препараты, применяемые при никотиновой зависимости"
P01BA01,Xloroxin,Хлорохин
P01BA02,Gidroksixloroxin,Гидроксихлорохин
P01BA03,Primaxin,Примахин
P01BA06,Amodiaxin,Амодиахин
P01BB,Biguanidlar,Бигуаниды
N07BB01,Disulfiram,Дисульфирам
N07BB02,Kalsiy karbimidi,Кальция карбимид
N07BB03,Akamprosat,Акампросат
N07BB04,Naltrekson,Налтрексон
N07BB05,Nalmefen,Налмефен
N07BC,Opiodga qaramlikda qoʻllaniladigan preparatlar,"Препараты, применяемые при опиоидной зависимости"
P01BC01,Xinin,Хинин
P01BC02,Mefloxin,Мефлохин
N07CA,Bosh aylanishini bartaraf etish uchun preparatlar,Препараты для устранения головокружения
N07CA01,Betagistin,Бетагистин
N07CA02,Sinnarizin,Циннаризин
N07CA03,Flunarizin,Флунаризин
N07CA04,Asetilleysin,Ацетиллейцин
N07CA52,Sinnarizin psixotrop vositalar bilan majmuada,Циннаризин в комбинации со средствами
N07XX,Nerv tizimi kasalliklarini davolash uchun boshqa preparatlar,Прочие препараты для лечения заболеваний нервной системы
N07XX01,Tirilazad mezilati,Тирилазада мезилат
N07XX02,Riluzol,Рилузол
N07XX03,Ksaliproden,Ксалипроден
N07XX04,Natriy oksibutirat,Натрия оксибутират
N07XX05,Amifampridin,Амифампридин
N07XX06,Tetrabenazin,Тетрабеназин
N07XX07,Fampridin,Фампридин
N07XX08,Tafamidis,Тафамидис
N07XX09,Dimetilfumarat,Диметилфумарат
N07XX10,Laxinimod,Лахинимод
N07XX11,Pitolisant,Питолисант
N07XX59,Dekstrometorfan boshqa vositalar bilan majmuada,Декстрометорфан в комбинации со средствами
P01AA,Gidroksixinolin hosilalari,Производные гидроксихинолина
P01AA01,Broksixinolin,Броксихинолин
P01AA02,Klioxinol,Клиохинол
P01AA04,Xlorxinaldol,Хлорхинальдол
P01AA05,Tilbroxinol,Тилброхинол
P01AA52,Klioxinol boshqa vositalar bilan majmuada,Клиохинол в комбинации со средствами
P01AB,Nitroimidazol hosilalari,Производные нитроимидазола
P01AB01,Metronidazol,Метронидазол
P01AB02,Tinidazol,Тинидазол
P01AB03,Ornidazol,Орнидазол
P01AB04,Azanidazol,Азанидазол
P01AB05,Propenidazol,Пропенидазол
P01AB06,Nimorazol,Ниморазол
P01AB07,Seknidazol,Секнидазол
P01AB51,Metronidazol majmualari,Метронидазол комбинации
P01AC,Dixloroatsetamid hosilalari,Производные дихлороацетамида
P01AC01,Diloksanid,Дилоксанид
P01AC02,Klefamid,Клефамид
P01AC03,Etofamid,Этофамид
P01AC04,Teklozan,Теклозан
P01AR,Margumush birikmalari,Соединения мышьяка
P01AR02,Difetarson,Дифетарсон
P01AR03,Glikobiarsol,Гликобиарсол
P01AX,Amyobiaz va boshqa protozoy infeksiyalarini davolash uchun preparatlar,Другие препараты для лечения амебиаза и других протозойных инфекций
P01AX01,Xiniofon,Хиниофон
P01AX02,Emetin,Эметин
P01AX04,Fanxinon,Фанхинон
P01AX05,Mepakrin,Мепакрин
P01AX06,Atovaxon,Атовахон
P01AX07,Trimetreksat,Триметрексат
P01AX08,Tenonitrozol,Тенонитрозол
P01AX09,Digidroemetin,Дигидроэметин
P01AX10,Fumagillin,Фумагиллин
P01AX11,Nitazoksanid,Нитазоксанид
P01AX52,Emetin boshqa vositalar bilan majmuada,Эметин в комбинации со средствами
P02BA,Xinolin hosilalari va oʻxshash birikmalar,Производные хинолина и родственные соединения
P02BA01,Prazikvantel,Празиквантел
P02BA02,Oksamnixin,Оксамнихин
P02BB,Fosfoorganik birikmalar,Фосфорорганические соединения
P02BB01,Metrifonat,Метрифонат
P02BX,Trematodozni davolash uchun boshqa preparatlar,Другие препараты для лечения трематодозов
P02BX01,Bitionol,Битионол
P02BX02,Niridazol,Ниридазол
P02BX03,Stibofen,Стибофен
P02BX04,Triklabendazol,Триклабендазол
P02CA,Benzimidazol hosilalari,Производные бензимидазола
P02CA01,Mebendazol,Мебендазол
P02CA02,Tiabendazol,Тиабендазол
P02CA03,Albendazol,Албендазол
P02CA04,Siklobendazol,Циклобендазол
P02CA05,Flubendazol,Флубендазол
P02CA06,Fenbendazol,Фенбендазол
P02CA51,Mebendazol boshqa vositalar bilan majmuada,Мебендазол в комбинации со средствами
P02CB,Piperazin va uning hosilalari,Пиперазин и его производные
P02CB01,Piperazin,Пиперазин
P02CB02,Dietilkarbamazin,Диэтилкарбамазин
P02CC,Tetragidropirimidin hosilalari,Производные тетрагидропиримидина
P02CC01,Pirantel,Пирантел
P02CC02,Oksantel,Оксантел
P02CE,Imidazotiazol hosilalari,Производные имидазотиазола
P02CE01,Levamizol,Левамизол
P02CF,Avermektin,Авермектины
P02CF01,Ivermektin,Ивермектин
P02CX,Nematodozni davolash uchun boshqa preparatlar,Другие препараты для лечения нематодозов
P02CX01,Pirviniy xloridi,Пирвиния хлорид
P02CX02,Befeniy gidroksinaftoati,Бефения гидроксинафтоат
P02DA,Salitsil kislota hosilalari,Производные салициловой кислоты
P02DA01,Niklosamid,Никлосамид
P02DX,Sestodozni davolash uchun boshqa preparatlar,Другие препараты для лечения цестодозов
P02DX01,Dezaspidin,Дезаспидин
P02DX02,Dixlorofen,Дихлорофен
P03AA,Oltingugurt saqlovchi vositalar,Серосодержащие средства
P03AA01,Diksantogen,Диксантоген
P03AA02,Kaliy polisulfidi,Полисульфид калия
P03AA03,Mesulfen,Месульфен
P03AA04,Disulfiram,Дисульфирам
P03AA05,Tiram,Тирам
P03AA54,Disulfiram boshqa vositalar bilan majmuada,Дисульфирам в комбинации со средствами
P03AB,Xlor saqlovchi vositalar,Хлорсодержащие средства
R03AB02,Izoprenalin,Изопреналин
R03AB03,Orsiprenalin,Орципреналин
R03AC,Selektiv beta 2-adrenomimetiklar,Селективные бета2-адреномиметики
R03AC02,Salbutamol,Сальбутамол
R03AC03,Terbutalin,Тербуталин
R03AC04,Fenoterol,Фенотерол
R03AC05,Rimiterol,Римитерол
R03AC06,Geksoprenalin,Гексопреналин
R03AC07,Izoetarin,Изоэтарин
R03AC08,Pirbuterol,Пирбутерол
R03AC09,Tretoxinol,Третохинол
R03AC10,Karbuterol,Карбутерол
R03AC11,Tulobuterol,Тулобутерол
R03AC12,Salmeterol,Салметерол
R03AC13,Formoterol,Формотерол
R03AC14,Klenbuterol,Кленбутерол
R03AC15,Reproterol,Репротерол
R03AC16,Prokaterol,Прокатерол
R03AC17,Bitolterol,Битолтерол
R03AC18,Indakaterol,Индакатерол
R03AC19,Olodaterol,Олодатерол
R03AK,Adrenergik vositalar kortikosteroidlar bilan yoki antixolinergik vositalardan tashqari boshqa preparatlar bilan majmuada,"Адренергические средства в комбинации с кортикостероидами или другими препаратами, кроме антихолинергических средств"
R03AK01,Epinefrin nafas yoʻllarining obstruktiv kasalliklarini davolash uchun vositalar bilan majmuada,Эпинефрин в комбинации со средствами для лечения обструктивных заболеваний дыхательных путей
R03AK02,Izoprenalin nafas yoʻllarining obstruktiv kasalliklarini davolash uchun vositalar bilan majmuada,Изопреналин в комбинации со средствами для лечения обструктивных заболеваний дыхательных путей
R03AK03,Fenoterol nafas yoʻllarining obstruktiv kasalliklarini davolash uchun vositalar bilan majmuada,Фенотерол в комбинации со средствами для лечения обструктивных заболеваний дыхательных путей
R03AK04,Salbutamol nafas yoʻllarining obstruktiv kasalliklarini davolash uchun vositalar bilan majmuada,Сальбутамол в комбинации со средствами для лечения обструктивных заболеваний дыхательных путей
R03AK05,Reproterol nafas yoʻllarining obstruktiv kasalliklarini davolash uchun vositalar bilan majmuada,Репротерол в комбинации со средствами для лечения обструктивных заболеваний дыхательных путей
R03AK06,Salmeterol nafas yoʻllarining obstruktiv kasalliklarini davolash uchun vositalar bilan majmuada,Сальметерол в комбинации со средствами для лечения обструктивных заболеваний дыхательных путей
R03AK07,Formoterol nafas yoʻllarining obstruktiv kasalliklarini davolash uchun vositalar bilan majmuada,Формотерол в комбинации со средствами для лечения обструктивных заболеваний дыхательных путей
R03AK08,Nafas yoʻllarining obstruktiv kasalliklarini davolash Formoterol va beklometazon,Формотерол и беклометазон для лечения обструктивных заболеваний дыхательных путей
R03AK09,Nafas yoʻllarining obstruktiv kasalliklarini davolash uchun Formoterol va mometazon,Формотерол и мометазон для лечения обструктивных заболеваний дыхательных путей
R03AK10,Vilanterol va flutikazon furoati,Вилантерол и флутиказона фуроат
R03AK11,Formoterol va flutikazon,Формотерол и флутиказон
R03AK12,Salmeterol va budesonid,Сальметерол и будесонид
R03AK13,Salbutamol va beklometazon,Сальбутамол и беклометазон
R03AK14,Indakaterol va mometazon,Индакатерол и мометазон
R03AL,Adrenergik vositalar antixolinergik vositalar bilan majmuada,Адренергические средства в комбинации с антихолинергическими средствами
R03AL01,Fenoterol va ipratropiy bromidi,Фенотерол и ипратропия бромид
R03AL03,Vilanterol va umeklidiniy bromidi,Вилантерол и умеклидиния бромид
R03AL04,Glikopirroniy bromidi va indakaterol,Гликопиррония бромид и индакатерол
R03AL05,Formoterol va aklidiniy bromidi,Формотерол и аклидиния бромид
R03AL06,Olodoterol va tiotropiy bromidi,Олодотерол и тиотропия бромид
R03AL07,Formoterol va glikopirroniy bromidi,Формотерол и гликопиррония бромид
R03AL08,"Vilanterol, umeklidiniy bromidi va flutikazon furoati","Вилантерол, умеклидиния бромид и флутиказона фуроат"
R03AL09,"Formoterol, glikopirroniy bromidi va beklometazon","Формотерол, гликопиррония бромид и беклометазон"
R03AL10,Formoterol va tiotropiy bromidi,Формотерол и тиотропия бромид
R03AL11,"Formoterol, glikopirroniy bromidi va budesonid","Формотерол, гликопиррония бромид и будесонид"
R03AL12,"Indakaterol, glikopirroniy bromidi va mometazon","Индакатерол, гликопиррония бромид и мометазон"
R03BA,Kortikosteroidlar,Кортикостероиды
R03BA01,Beklometazon,Беклометазон
R03BA02,Budesonid,Будесонид
R03BA03,Flunizolid,Флунизолид
R03BA04,Betametazon,Бетаметазон
R03BA05,Flutikazon,Флутиказон
R03BA06,Triamsinolon,Триамцинолон
R03BA07,Mometazon,Мометазон
R03BA08,Siklesonid,Циклесонид
R03BA09,Flutikazon furoati,Флутиказона фуроат
R03BB,Antixolinergik vositalar,Антихолинергические средства
R03BB01,Ipratropiy bromidi,Ипратропия бромид
R03BB02,Oksitropiy bromidi,Окситропия бромид
R03BB03,Belladonna alkaloidlari,Белладонны алкалоиды
R03BB04,Tiotropiy bromidi,Тиотропия бромид
R03BB05,Aklidiniy bromidi,Аклидиния бромид
R03BB06,Glikopirroniy bromidi,Гликопиррония бромид
R03BB07,Umeklidiniy bromidi,Умеклидиния бромид
R03BB54,"Tiotropiy bromidi, majmualari","Тиотропия бромид, комбинации"
R03BC,Kortikosteroidlardan tashqari allergiyaga qarshi vositalar,"Противоаллергические средства, кроме кортикостероидов"
R03BC01,Kromoglitsiy kislotasi,Кромоглициевая кислота
R03BC03,Nedokromil,Недокромил
R03BX,Nafas yoʻllari obstruktiv kasalliklarini davolash uchun qoʻllaniladigan ingalayatsion yuborish uchun boshqa vositalar,"Прочие средства для ингаляционного введения, применяемые для лечения обструктивных заболеваний дыхательных путей"
R03BX01,Fenspirid,Фенспирид
R03CA,Alfa- va beta-adrenomimetiklar,Альфа- и бета-адреномиметики
R03CA02,Efedrin,Эфедрин
R03CB,Noselektivn beta-adrenomimetiklar,Неселективные бета-адреномиметики
R03CB01,Izoprenalin,Изопреналин
R03CB02,Metoksifenamin,Метоксифенамин
R03CB03,Orsiprenalin,Орципреналин
R03CB51,Izoprenalin boshqa vositalar bilan majmuada,Изопреналин в комбинации со средствами
R03CB53,Orsiprenalin boshqa vositalar bilan majmuada,Орципреналин в комбинации со средствами
R03CC,Selektiv beta2-adrenomimetiklar,Селективные бета2-адреномиметики
R03CC02,Salbutamol,Сальбутамол
R03CC03,Terbutalin,Тербуталин
R03CC04,Fenoterol,Фенотерол
R03CC05,Geksoprenalin,Гексопреналин
R03CC06,Izoetarin,Изоэтарин
R03CC07,Pirbuterol,Пирбутерол
R03CC08,Prokaterol,Прокатерол
R03CC09,Tretoxinol,Третохинол
R03CC10,Karbuterol,Карбутерол
R03CC11,Tulobuterol,Тулобутерол
R03CC12,Bambuterol,Бамбутерол
R03CC13,Klenbuterol,Кленбутерол
R03CC14,Reproterol,Репротерол
R03CC53,Terbutalin boshqa vositalar bilan majmuada,Тербуталин в комбинации со средствами
R03DA,Ksantinlar,Ксантины
R03DA01,Diprofillin,Дипрофиллин
R03DA02,Xolina teofillinat,Холина теофиллинат
R03DA03,Proksifillin,Проксифиллин
R03DA04,Teofillin,Теофиллин
R03DA05,Aminofillin,Аминофиллин
R03DA06,Etamifillin,Этамифиллин
R03DA07,Teobromin,Теобромин
R03DA08,Bamifillin,Бамифиллин
R03DA09,Asefillin piperazin,Ацефиллин пиперазин
R03DA10,Bufillin,Буфиллин
R03DA11,Doksofillin,Доксофиллин
R03DA20,Ksantin hosilalarining majmuasi,Ксантиновых производых комбинация
R03DA51,Diprofillin boshqa vositalar bilan majmuada,Дипрофиллин в комбинации со средствами
R03DA54,Teofillin boshqa vositalar bilan majmuada,Теофиллин в комбинации со средствами
R03DA55,Aminofillin boshqa vositalar bilan majmuada,Аминофиллин в комбинации со средствами
R03DA57,Teobromin boshqa vositalar bilan majmuada,Теобромин в комбинации со средствами
R03DA74,Teofillin psixotrop vositalar bilan majmuada,Теофиллин в комбинации с психотропными средствами
R03DB,Ksantinlar va adrenergetiklar,Ксантины и адренергетики
R03DB01,Diprofillin simpatomimetiklar bilan majmuada,Дипрофиллин в комбинации с симпатомиметиками
R03DB02,Xolin teofillinat simpatomimetiklar bilan majmuada,Холина теофиллинат в комбинации с симпатомиметиками
R03DB03,Proksifillin va adrenergetiklar,Проксифиллин и адренергетики
R03DB04,Teofillin va adrenergetiklar,Теофиллин и адренергетики
R03DB05,Aminofillin va adrenergetiklar,Аминофиллин и адренергетики
R03DB06,Etamifillin va adrenergetiklar,Этамифиллин и адренергетики
R03DC,Leykotriyen retseptorlar blokatori,Блокаторы лейкотриеновых рецепторов
R03DC01,Zafirlukast,Зафирлукаст
R03DC02,Pranlukast,Пранлукаст
R03DC03,Montelukast,Монтелукаст
R03DC04,Ibudilast,Ибудиласт
R03DC53,Montelukast majmuada,Монтелукаст комбинации
R03DX,Nafas yoʻllari obstruktiv kasalliklarini davolash uchun tizimli taʼsirga ega boshqa vositalar,Прочие средства системного действия для лечения обструктивных заболеваний дыхательных путей
R03DX01,Amleksanoks,Амлексанокс
R03DX02,Eprozinol,Эпрозинол
R03DX03,Fenspirid,Фенспирид
R03DX04,Ibudilast,Ибудиласт
R03DX05,Omalizumab,Омализумаб
R03DX06,Seratrodast,Сератродаст
R03DX07,Roflumilast,Рофлумиласт
R03DX08,Reslizumab,Реслизумаб
R03DX09,Mepolizumab,Меполизумаб
R05CA,Balgʻam koʻchiruvchi preparatlar,Отхаркивающие препараты
R05CA01,Tiloksapol,Тилоксапол
R05CA02,Kaliya yodid,Калия йодид
R05CA03,Gvayfenezin,Гвайфенезин
R05CA04,Ipekakuana,Ипекакуана
R05CA05,Dorivor Altey ildizi,Алтея лекарственного корни
R05CA06,Istoda ildizi,Истода корни
R05CA07,Antimoniy pentasulfid,Антимония пентасульфид
R05CA08,Kreozot,Креозот
R05CA09,Gvayyakolsulfonat,Гвайяколсульфонат
R05CA10,Balgʻam koʻchiruvchi preparatlar majmuada,Отхаркивающие препараты в комбинации
R05CA11,Levoverbenon,Левовербенон
R05CA12,Pechak barglari ekstrakti,Плюща листьев экстракт
R05CA13,Sineol,Синеол
R05CB,Mukolitik preparatlar,Муколитические препараты
R05CB01,Asetilsistein,Ацетилцистеин
R05CB02,Bromgeksin,Бромгексин
R05CB03,Karbotsistein,Карбоцистеин
R05CB04,Eprazinon,Эпразинон
R05CB05,Mesna,Месна
R05CB06,Ambroksol,Амброксол
R05CB07,Sobrerol,Собрерол
R05CB08,Domiodol,Домиодол
R05CB09,Letostein,Летостеин
R05CB10,Mukolitik preparatlar majmuada,Муколитические препараты в комбинации
R05CB11,Stepronin,Степронин
R05CB13,Dornaza alfa,Дорназа альфа
R05CB14,Nelteneksin,Нелтенексин
R05CB15,Erdostein,Эрдостеин
R05CB16,Mannitol,Маннитол
R05DA,Opiy alkaloidlari va ularning hosilalari,Алкалоиды опия и их производные
R05DA01,Etilmorfin,Этилморфин
R05DA03,Gidrokodon,Гидрокодон
R05DA04,Kodein,Кодеин
R05DA05,Opiy alkaloidlari morfin bilan,Алкалоиды опия с морфином
R05DA06,Normetadon,Норметадон
R05DA07,Noskapin,Носкапин
R05DA08,Folkodin,Фолкодин
R05DA09,Dekstrometorfan,Декстрометорфан
R05DA10,Tebakon,Тебакон
R05DA11,Dimemorfan,Димеморфан
R05DA12,Asetildigidrokodein,Ацетилдигидрокодеин
R05DA20,Yoʻtalga qarshi majmuaviy preparatlar,Противокашлевые препараты в комбинации
R05DB,Boshqa yoʻtalga qarshi preparatlar,Другие противокашлевые препараты
R05DB01,Benzonatat,Бензонатат
R05DB02,Benproperin,Бенпроперин
R05DB03,Klobutinol,Клобутинол
R05DB04,Izoaminil,Изоаминил
R05DB05,Pentoksiverin,Пентоксиверин
R05DB07,Oksolamin,Оксоламин
R05DB09,Okseladin,Окселадин
R05DB10,Klofedanol,Клофеданол
R05DB11,Pipazetat,Пипазетат
R05DB12,Bibenzoniy bromidi,Бибензония бромид
R05DB13,Butamirat,Бутамират
R05DB14,Fedrilat,Федрилат
R05DB15,Zipeprol,Зипепрол
R05DB16,Dibunat,Дибунат
R05DB17,Droksipropin,Дроксипропин
R05DB18,Prenoksdiazin,Преноксдиазин
R05DB19,Dropropizin,Дропропизин
R05DB20,Boshqa yoʻtalga qarshi majmuaviy preparatlar,Противокашлевые препараты другие в комбинации
R05DB21,Kloperastin,Клоперастин
R05DB22,Meprotiksol,Мепротиксол
R05DB23,Piperidion,Пиперидион
R05DB24,Tipepidin,Типепидин
R05DB25,Morklofon,Морклофон
R05DB26,Nepinalon,Непиналон
R05DB27,Levodropropizin,Леводропропизин
R05DB28,Dimetoksanat,Диметоксанат
R05FA,Opiy alkaloidlari balgʻam koʻchiruvchi vositalar bilan majmuada,Производные опия в комбинации с отхаркивающими средствами
R05FA01,Opiy alkaloidlari mukolitik preparatlar bilan majmuada,Опия производные в комбинации с муколитическими препаратами
R05FA02,Opiy alkaloidlari balgʻam koʻchiruvchi preparatlar bilan majmuada,Опия производные в комбинации с отхаркивающими препаратами
R05FB,Opiy alkaloidlari balgʻam koʻchiruvchi vositalar bilan majmuada,Другие противокашлевые средства в комбинации с отхаркивающими средствами
R05FB01,Yoʻtalga qarshi preparatlar mukolitiklar bilan majmuada,Противокашлевые препараты в комбинации с муколитиками
R05FB02,Yoʻtalga qarshi preparatlar balgʻam koʻchiruvchi preparatlar bilan majmuada,Противокашлевые препараты в комбинации с отхаркивающими препаратами
R06AA,Alkilamin efirlari,Эфиры алкиламинов
R06AA01,Bromazin,Бромазин
R06AA02,Difengidramin,Дифенгидрамин
R06AA04,Klemastin,Клемастин
R06AA06,Xlorfenoksamin,Хлорфеноксамин
R06AA07,Difenilpiralin,Дифенилпиралин
R06AA08,Karbinoksamin,Карбиноксамин
R06AA09,Doksilamin,Доксиламин
R06AA10,Trimetobenzamid,Триметобензамид
R06AA52,Difengidramin boshqa vositalar bilan majmuada,Дифенгидрамин в комбинации со средствами
R06AA54,Klemastin boshqa vositalar bilan majmuada,Клемастин в комбинации со средствами
R06AA56,Xlorfenoksamin boshqa vositalar bilan majmuada,Хлорфеноксамин в комбинации со средствами
R06AA57,Difenilpiralin boshqa vositalar bilan majmuada,Дифенилпиралин в комбинации со средствами
R06AA59,Doksilamin boshqa vositalar bilan majmuada,Доксиламин в комбинации со средствами
R06AB,Almashingan alkilaminlar,Замещенные алкиламины
R06AB01,Bromfeniramin,Бромфенирамин
R06AB02,Deksxlorfeniramin,Дексхлорфенирамин
R06AB03,Dimetinden,Диметинден
R06AB04,Xlorfenamin,Хлорфенамин
R06AB05,Feniramin,Фенирамин
R06AB06,Deksbromfeniramin,Дексбромфенирамин
R06AB07,Talastin,Таластин
R06AB51,Bromfeniramin boshqa vositalar bilan majmuada,Бромфенирамин в комбинации со средствами
R06AB52,Deksxlorfeniramin boshqa vositalar bilan majmuada,Дексхлорфенирамин в комбинации со средствами
R06AB54,Xlorfenamin boshqa vositalar bilan majmuada,Хлорфенамин в комбинации со средствами
R06AB56,Deksbromfeniramin boshqa vositalar bilan majmuada,Дексбромфенирамин в комбинации со средствами
R06AC,Almashingan etilendiaminlar,Замещенные этилендиамины
R06AC01,Mepiramin,Мепирамин
R06AC02,Gistapirrodin,Гистапирродин
R06AC03,Xloropiramin,Хлоропирамин
R06AC04,Tripelennamin,Трипеленнамин
R06AC05,Metapirilen,Метапирилен
R06AC06,Tonzilamin,Тонзиламин
R06AC52,Gistapirrodin boshqa vositalar bilan majmuada,Гистапирродин в комбинации со средствами
R06AC53,Xloropiramin boshqa vositalar bilan majmuada,Хлоропирамин в комбинации со средствами
R06AD,Fenotiazin hosilalari,Производные фенотиазина
R06AD01,Alimemazin,Алимемазин
R06AD02,Prometazin,Прометазин
R06AD03,Tietilperazin,Тиэтилперазин
R06AD04,Metdilazin,Метдилазин
R06AD05,Gidroksietilprometazin,Гидроксиэтилпрометазин
R06AD06,Tiazinam,Тиазинам
R06AD07,Mexitazin,Мехитазин
R06AD08,Oksomemazin,Оксомемазин
R06AD09,Izotipendil,Изотипендил
R06AD52,Prometazin boshqa vositalar bilan majmuada,Прометазин в комбинации со средствами
R06AD55,Gidroksietilprometazin boshqa vositalar bilan majmuada,Гидроксиэтилпрометазин в комбинации со средствами
R06AE,Piperazin hosilalari,Производные пиперазина
R06AE01,Buklizin,Буклизин
R06AE03,Siklizin,Циклизин
R06AE04,Xlorsiklizin,Хлорциклизин
R06AE05,Meklozin,Меклозин
R06AE06,Oksatomid,Оксатомид
R06AE07,Setirizin,Цетиризин
R06AE09,Levotsetirizin,Левоцетиризин
R06AE51,Buklizin boshqa vositalar bilan majmuada,Буклизин в комбинации со средствами
R06AE53,Siklizin boshqa vositalar bilan majmuada,Циклизин в комбинации со средствами
R06AE55,Meklozin boshqa vositalar bilan majmuada,Меклозин в комбинации со средствами
R06AX,Tizimli taʼsirga ega boshqa antigistamin vositalar,Другие антигистаминные средства системного действия
R06AX01,Bamipin,Бамипин
R06AX02,Siprogeptadin,Ципрогептадин
R06AX03,Tenalidin,Теналидин
R06AX04,Fenindamin,Фениндамин
R06AX05,Antazolin,Антазолин
R06AX07,Triprolidin,Трипролидин
R06AX08,Pirrobutamin,Пирробутамин
R06AX09,Azatadin,Азатадин
R06AX11,Astemizol,Астемизол
R06AX12,Terfenadin,Терфенадин
R06AX13,Loratadin,Лоратадин
R06AX15,Mebgidrolin,Мебгидролин
R06AX16,Deptropin,Дептропин
R06AX17,Ketotifen,Кетотифен
R06AX18,Akrivastin,Акривастин
R06AX19,Azelastin,Азеластин
R06AX21,Tritokvalin,Тритоквалин
R06AX22,Ebastin,Эбастин
R06AX23,Pimetiksen,Пиметиксен
R06AX24,Epinastin,Эпинастин
R06AX25,Mizolastin,Мизоластин
R06AX26,Feksofenadin,Фексофенадин
R06AX27,Dezloratadin,Дезлоратадин
R06AX28,Rupatadin,Рупатадин
R06AX29,Bilastin,Биластин
R06AX31,Xifenadin,Хифенадин
R06AX32,Sekvifenadin,Секвифенадин
R06AX53,Tenalidin boshqa vositalar bilan majmuada,Теналидин в комбинации со средствами
R06AX58,Pirrobutamin boshqa vositalar bilan majmuada,Пирробутамин в комбинации со средствами
R07AA,Oʻpka surfaktantlari,Легочные сурфактанты
R07AA01,Kolfosseril palmitati,Колфосцерила пальмитат
R07AA02,Tabiiy fosfolipidlar,Фосфолипиды натуральные
R07AA30,Oʻpka surfaktantlari majmuada,Сурфактанты легочные в комбинации
R07AB,Nafas stimulyatorlari,Стимуляторы дыхания
R07AB01,Doksapram,Доксапрам
R07AB02,Niketamid,Никетамид
R07AB03,Pentetrazol,Пентетразол
R07AB04,Etamivan,Этамиван
R07AB05,Bemegrid,Бемегрид
R07AB06,Pretkamid,Преткамид
R07AB07,Almitrin,Алмитрин
R07AB08,Dimeflin,Димефлин
R07AB09,Mepiksanoks,Мепиксанокс
R07AB52,Niketamid boshqa vositalar bilan majmuada,Никетамид в комбинации со средствами
R07AB53,Pentetrazol boshqa vositalar bilan majmuada,Пентетразол в комбинации со средствами
R07AX,Nafas tizimi kasalliklarini davolash uchun boshqa preparatlar,Прочие препараты для лечения заболеваний дыхательной системы
R07AX01,Azot oksidi,Азота оксид
R07AX02,Ivakaftor,Ивакафтор
R07AX30,Ivakaftor va lyumakaftor,Ивакафтор и люмакафтор
S01AA,Antibiotiklar,Антибиотики
S01AA01,Xloramfenikol,Хлорамфеникол
S01AA02,Xlortetratsiklin,Хлортетрациклин
S01AA03,Neomitsin,Неомицин
S01AA04,Oksitetratsiklin,Окситетрациклин
S01AA05,Tirotritsin,Тиротрицин
S01AA07,Framitsetin,Фрамицетин
S01AA09,Tetratsiklin,Тетрациклин
S01AA10,Natamitsin,Натамицин
S01AA11,Gentamitsin,Гентамицин
S01AA12,Tobramitsin,Тобрамицин
S01AA13,Fuzidat kislotasi,Фузидовая кислота
S01AA14,Benzilpenitsillin,Бензилпенициллин
S01AA15,Digidrostreptomitsin,Дигидрострептомицин
S01AA16,Rifamitsin,Рифамицин
S01AA17,Eritromitsin,Эритромицин
S01AA18,Polimiksin B,Полимиксин B
S01AA19,Ampitsillin,Ампициллин
S01AA20,Antibiotiklar boshqa vositalar bilan majmuada,Антибиотики в комбинации со средствами
S01AA21,Amikatsin,Амикацин
S01AA22,Mikronomitsin,Микрономицин
S01AA23,Netilmitsin,Нетилмицин
S01AA24,Kanamitsin,Канамицин
S01AA25,Azidamfenikol,Азидамфеникол
S01AA26,Azitromitsin,Азитромицин
S01AA27,Sefuroksim,Цефуроксим
S01AA30,Antibiotikalar majmuada,Антибиотики в комбинации
S01AB,Sulfanilamidlar,Сульфаниламиды
S01AB01,Sulfametizol,Сульфаметизол
S01AB02,Sulfafurazol,Сульфафуразол
S01AB03,Sulfadikramid,Сульфадикрамид
S01AB04,Sulfatsetamid,Сульфацетамид
S01AB05,Sulfafenazol,Сульфафеназол
S01AD,Viruslarga qarshi preparatlar,Противовирусные препараты
S01AD01,Idoksuridin,Идоксуридин
S01AD02,Trifluridin,Трифлуридин
S01AD03,Asiklovir,Ацикловир
S01AD05,Interferon,Интерферон
S01AD06,Vidarabin,Видарабин
S01AD07,Famsiklovir,Фамцикловир
S01AD08,Fomivirsen,Фомивирсен
S01AD09,Gansiklovir,Ганцикловир
S01AE,Ftorxinolonlar,Фторхинолоны
S01AE01,Ofloksatsin,Офлоксацин
S01AE02,Norfloksatsin,Норфлоксацин
S01AE03,Siprofloksatsin,Ципрофлоксацин
S01AE04,Lomefloksatsin,Ломефлоксацин
S01AE05,Levofloksatsin,Левофлоксацин
S01AE06,Gatifloksatsin,Гатифлоксацин
S01AE07,Moksifloksatsin,Моксифлоксацин
S01AE08,Bezifloksatsin,Безифлоксацин
S01AX,Mikroblarga qarshi boshqa preparatlar,Другие противомикробные препараты
S01AX01,Simob saqlovchi preparatlar,Ртутьсодержащие препараты
S01AX02,Kumush saqlovchi preparatlar,Серебросодержащие препараты
S01AX03,Ruh saqlovchi preparatlar,Цинкосодержащие препараты
S01AX04,Nitrofural,Нитрофурал
S01AX05,Bibrokatol,Биброкатол
S01AX06,Rezorsinol,Резорцинол
S01AX07,Natriy borat,Натрия борат
S01AX08,Geksamidin,Гексамидин
S01AX09,Xlorgeksidin,Хлоргексидин
S01AX10,Natriy propionati,Натрия пропионат
S01AX14,Dibrompropamidin,Дибромпропамидин
S01AX15,Propamidin,Пропамидин
S01AX16,Pikloksidin,Пиклоксидин
S01AX18,Povidon-yod,Повидон-йод
S01BA,Kortikosteroidlar,Кортикостероиды
S01BA01,Deksametazon,Дексаметазон
S01BA02,Gidrokortizon,Гидрокортизон
S01BA03,Kortizon,Кортизон
S01BA04,Prednizolon,Преднизолон
S01BA05,Triamsinolon,Триамцинолон
S01BA06,Betametazon,Бетаметазон
S01BA07,Ftormetolon,Фторметолон
S01BA08,Medrizon,Медризон
S01BA09,Klobetazol,Клобетазол
S01BA10,Alklometazon,Алклометазон
S01BA11,Desonid,Десонид
S01BA12,Formokortal,Формокортал
S01BA13,Rimeksolon,Римексолон
S01BA14,Loteprednol,Лотепреднол
S01BA15,Fluotsinolon atsetonidi,Флуоцинолона ацетонид
S01BB,Kortikosteroidlar midriatik vositalar bilan majmuada,Кортикостероиды в комбинации с мидриатическими средствами
S01BB01,Gidrokortizon midriatiklar bilan majmuada,Гидрокортизон в комбинации с мидриатиками
S01BB02,Prednizolon midriatiklar bilan majmuada,Преднизолон в комбинации с мидриатиками
S01BB03,Ftormetolon midriatiklar bilan majmuada,Фторметолон в комбинации с мидриатиками
S01BB04,Betametazon midriatiklar bilan majmuada,Бетаметазон в комбинации с мидриатиками
S01BC,Nosteroid yalligʻlanishga qarshi preparatlar,Нестероидные противовоспалительные препараты
S01BC01,Indometatsin,Индометацин
S01BC02,Oksifenbutazon,Оксифенбутазон
S01BC03,Diklofenak,Диклофенак
S01BC04,Flurbiprofen,Флурбипрофен
S01BC05,Ketorolak,Кеторолак
S01BC06,Piroksikam,Пироксикам
S01BC07,Bendazak,Бендазак
S01BC08,Salitsil kislotasi,Салициловая кислота
S01BC09,Pranoprofen,Пранопрофен
S01BC10,Nepafenak,Непафенак
S01BC11,Bromfenak,Бромфенак
S01CA,Kortikosteroidlar mikroblarga qarshi vositalar bilan majmuada,Кортикостероиды в комбинации с противомикробными средствами
S01CA01,Deksametazon mikroblarga qarshi preparatlar bilan majmuada,Дексаметазон в комбинации с противомикробными препаратами
S01CA02,Prednizolon mikroblarga qarshi preparatlar bilan majmuada,Преднизолон в комбинации с противомикробными препаратами
S01CA03,Gidrokortizon mikroblarga qarshi preparatlar bilan majmuada,Гидрокортизон в комбинации с противомикробными препаратами
S01CA04,Fluokortolon mikroblarga qarshi preparatlar bilan majmuada,Флуокортолон в комбинации с противомикробными препаратами
S01CA05,Betametazon mikroblarga qarshi preparatlar bilan majmuada,Бетаметазон в комбинации с противомикробными препаратами
S01CA06,Fludrokortizon mikroblarga qarshi preparatlar bilan majmuada,Флудрокортизон в комбинации с противомикробными препаратами
S01CA07,Ftormetoron mikroblarga qarshi preparatlar bilan majmuada,Фторметорон в комбинации с противомикробными препаратами
S01CA08,Metilprednizolon mikroblarga qarshi preparatlar bilan majmuada,Метилпреднизолон в комбинации с противомикробными препаратами
S01CA09,Xlorprednizolon mikroblarga qarshi preparatlar bilan majmuada,Хлорпреднизолон в комбинации с противомикробными препаратами
S01CA10,Fluotsinolona atsetonid mikroblarga qarshi preparatlar bilan majmuada,Флуоцинолона ацетонид в комбинации с противомикробными препаратами
S01CA11,Klobetazol mikroblarga qarshi preparatlar bilan majmuada,Клобетазол в комбинации с противомикробными препаратами
S01CB,Kartikosteroidlar/mikroblarga qarshi/midriatik vositalar majmuada,Кортикостероиды / противомикробные / мидриатические средства в комбинации
S01CB01,Deksametazon mikroblarga qarshi preparatlar va midriatiklar bilan majmuada,Дексаметазон в комбинации с противомикробными препаратами и мидриатиками
S01CB02,Prednizolon mikroblarga qarshi preparatlar va midriatiklar bilan majmuada,Преднизолон в комбинации с противомикробными препаратами и мидриатиками
S01CB03,Gidrokortizon mikroblarga qarshi preparatlar va midriatiklar bilan majmuada,Гидрокортизон в комбинации с противомикробными препаратами и мидриатиками
S01CB04,Betametazon mikroblarga qarshi preparatlar va midriatiklar bilan majmuada,Бетаметазон в комбинации с противомикробными препаратами и мидриатиками
S01CB05,Ftormetolon mikroblarga qarshi preparatlar va midriatiklar bilan majmuada,Фторметолон в комбинации с противомикробными препаратами и мидриатиками
S01CC01,Diklofenak mikroblarga qarshi preparatlar bilan majmuada,Диклофенак в комбинации с противомикробными препаратами
S01CC02,Indometatsin va infeksiyalarga qarshi vositalar,Индометацин и противоинфекционные средства
S01EA,Glaukomani davolash uchun simpatomimetiklar,Симпатомиметики для лечения глаукомы
S01EA01,Epinefrin,Эпинефрин
S01EA02,Dipivefrin,Дипивефрин
S01EA03,Apraklonidin,Апраклонидин
S01EA04,Klonidin,Клонидин
S01EA05,Brimonidin,Бримонидин
S01EA51,Epinefrin boshqa vositalar bilan majmuada,Эпинефрин в комбинации со средствами
S01EB,Parasimpatomimetiklar,Парасимпатомиметики
S01EB01,Pilokarpin,Пилокарпин
S01EB02,Karbaxol,Карбахол
S01EB03,Ekotiopat,Экотиопат
S01EB04,Demekarium,Демекариум
S01EB05,Fizostigmin,Физостигмин
S01EB06,Neostigmin bromidi,Неостигмина бромид
S01EB07,Fluostigmin,Флуостигмин
S01EB08,Aseklidin,Ацеклидин
S01EB09,Asetilxolin xloridi,Ацетилхолина хлорид
S01EB10,Paraokson,Параоксон
S01EB51,Pilokarpin boshqa vositalar bilan majmuada,Пилокарпин в комбинации со средствами
S01EB58,Aseklidin boshqa vositalar bilan majmuada,Ацеклидин в комбинации со средствами
S01EC,Karboangidraza ingibitorlari,Ингибиторы карбоангидразы
S01EC01,Asetazolamid,Ацетазоламид
S01EC02,Diklofenamid,Диклофенамид
S01EC03,Dorzolamid,Дорзоламид
S01EC04,Brinzolamid,Бринзоламид
S01EC05,Metazolamid,Метазоламид
S01EC54,"Brinzolamid, majmualari","Бринзоламид, комбинации"
S01ED,Beta-adrinoblokatorlar,Бета-адреноблокаторы
S01ED01,Timolol,Тимолол
S01ED02,Betaksolol,Бетаксолол
S01ED03,Levobunolol,Левобунолол
S01ED04,Metipranolol,Метипранолол
S01ED05,Karteolol,Картеолол
S01ED06,Befunolol,Бефунолол
S01ED51,Timolol boshqa vositalar bilan majmuada,Тимолол в комбинации со средствами
S01ED52,Betaksolol boshqa vositalar bilan majmuada,Бетаксолол в комбинации со средствами
S01ED54,Metipranol boshqa vositalar bilan majmuada,Метипранол в комбинации со средствами
S01EE,Prostaglandinlar analogi,Аналоги простагландинов
S01EE01,Latanoprost,Латанопрост
S01EE02,Unoproston,Унопростон
S01EE03,Bimatoprost,Биматопрост
S01EE04,Travoprost,Травопрост
S01EE05,Tafluprost,Тафлупрост
S01EX,Glaukomaga qarshi boshqa preparatlar,Другие противоглаукомные препараты
S01EX01,Guanetidin,Гуанетидин
S01EX02,Dapiprazol,Дапипразол
S01FA,Antixolinergik vositalar,Антихолинергические средства
S01FA01,Atropin,Атропин
S01FA02,Skopolamin,Скополамин
S01FA03,Metilskopolamin,Метилскополамин
S01FA04,Siklopentolat,Циклопентолат
S01FA05,Gomatropin gidrobromidi,Гоматропина гидробромид
S01FA06,Tropikamid,Тропикамид
S01FA54,Siklopentolat majmualari,Циклопентолат комбинации
S01FA56,Tropikamid boshqa vositalar bilan majmuada,Тропикамид в комбинации со средствами
S01FB,Glaukomaga qarshi preparatlardan tashqari Simpatomimetiklar,"Симпатомиметики, кроме противоглаукомных препаратов"
S01FB01,Fenilefrin,Фенилэфрин
S01FB02,Efedrin,Эфедрин
S01FB03,Ibopamin,Ибопамин
S01FB51,Fenilefrin va ketorolak,Фенилэфрин и кеторолак
S01GA,Dekongestantlar sifatida qoʻllaniluvchi simpatomimetiklar,"Симпатомиметики, используемые в качестве деконгестантов"
S01GA01,Nafazolin,Нафазолин
S01GA02,Tetrizolin,Тетризолин
S01GA03,Ksilometazolin,Ксилометазолин
S01GA04,Oksimetazolin,Оксиметазолин
S01GA05,Fenilefrin,Фенилэфрин
S01GA06,Oksedrin,Окседрин
S01GA51,Nafazolin boshqa vositalar bilan majmuada,Нафазолин в комбинации со средствами
S01GA52,Tetrizolin boshqa vositalar bilan majmuada,Тетризолин в комбинации со средствами
S01GA53,Ksilometazolin boshqa vositalar bilan majmuada,Ксилометазолин в комбинации со средствами
S01GA55,Fenilefrin boshqa vositalar bilan majmuada,Фенилэфрин в комбинации со средствами
S01GA56,Oksedrin boshqa vositalar bilan majmuada,Окседрин в комбинации со средствами
S01GX,Allergiyaga qarshi boshqa vositalar,Другие противоаллергические средства
S01GX01,Kromoglitsit kislotasi,Кромоглициевая кислота
S01GX02,Levokabastin,Левокабастин
S01GX03,Spaglumovat kislotasi,Спаглумовая кислота
S01GX04,Nedokromil,Недокромил
S01GX05,Lodoksamid,Лодоксамид
S01GX06,Emedastin,Эмедастин
S01GX07,Azelastin,Азеластин
S01GX08,Ketotifen,Кетотифен
S01GX09,Olopatadin,Олопатадин
S01GX10,Epinastin,Эпинастин
S01GX11,Alkaftadin,Алкафтадин
S01GX51,Kromoglitsit kislotasi boshqa vositalar bilan majmuada,Кромоглициевая кислота в комбинации со средствами
S01HA,Mahalliy ogʻriqsizlantiruvchi vositalar,Местные анестетики
S01HA01,Kokain,Кокаин
S01HA02,Oksibuprokain,Оксибупрокаин
S01HA03,Tetrakain,Тетракаин
S01HA04,Proksimetakain,Проксиметакаин
S01HA05,Prokain,Прокаин
S01HA06,Sinxokain,Цинхокаин
S01HA07,Lidokain,Лидокаин
S01HA30,Mahalliy anestetiklar majmuada,Анестетики местные в комбинации
S01JA,Boʻyovchi vositalar,Красящие вещества
S01JA01,Fluoressein natriy,Флуоресцеин натрия
S01JA02,Bengaliya atirguli natriy,Бенгальской розы натрий
S01JA51,Fluoressein boshqa vositalar bilan majmuada,Флуоресцеин в комбинации со средствами
S01KA,Yopishqoq egiluvchan vositalar,Вязкоупругие вещества
S01KA01,Gialuron kislotasi,Гиалуроновая кислота
S01KA02,Gipromelloza,Гипромеллоза
S01KA51,Gialuron kislotasi boshqa vositalar bilan majmuada,Гиалуроновая кислота в комбинации со средствами
S01KX,Boshqa jarroxlik yordamchi vositalari,Другие хирургические вспомогательные средства
S01KX01,Ximotripsin,Химотрипсин
S01LA,Qon tomirlari oʻsmasi rivojlanishiga toʻsqinlik qiluvchi vositalar,"Средства, препятствующие новообразованию сосудов"
S01LA01,Verteporfin,Вертепорфин
S01LA02,Anekortav,Анекортав
S01LA03,Pegaptanib,Пэгаптаниб
S01LA04,Ranibizumab,Ранибизумаб
S01LA05,Aflibersept,Афлиберцепт
S01XA,Oftalmologiyada qoʻllaniladigan boshqa preparatlar,Другие препараты применяемые в офтальмологии
S01XA01,Gvayazulen,Гвайазулен
S01XA02,Retinol,Ретинол
S01XA03,Natriy xloridi (gipertonik eritma),Натрия хлорида (гипертонический раствор)
S01XA04,Kaliy yodidi,Калия йодид
S01XA05,Natriy edetati,Натрия эдетат
S01XA06,Etilmorfin,Этилморфин
S01XA07,Alyum,Алюм
S01XA08,Asetilsistein,Ацетилцистеин
S01XA09,Yodogeparinat,Йодогепаринат
S01XA10,Inozin,Инозин
S01XA11,Nandrolon,Нандролон
S01XA12,Dekspantenol,Декспантенол
S01XA13,Alteplaza,Алтеплаза
S01XA14,Geparin natriy,Гепарин натрия
S01XA15,Askorbin kislotasi,Аскорбиновая кислота
S01XA18,Siklosporin,Циклоспорин
S01XA19,"Shox parda limbi oʻzak hujayralari, autologik","Лимба роговицы стволовые клетки, аутологичные"
S01XA20,Sunʼiy koʻz yoshlari va boshqa indifferent preparatlar,Искусственные слезы и другие индифферентные препараты
S01XA21,Merkaptamin,Меркаптамин
S01XA22,Okriplazmin,Окриплазмин
S01XA23,Sirolimus,Сиролимус
S02AA,Mikroblarga qarshi preparatlar,Противомикробные препараты
S02AA01,Xloramfenikol,Хлорамфеникол
S02AA02,Nitrofural,Нитрофурал
S02AA03,Borat kislotasi,Борная кислота
S02AA04,Alyuminiy atsetotartrat,Алюминия ацетотартрат
S02AA05,Klioxinol,Клиохинол
S02AA06,Vodorod peroksidi,Водорода пероксид
S02AA07,Neomitsin,Неомицин
S02AA08,Tetratsiklin,Тетрациклин
S02AA09,Xlorgeksidin,Хлоргексидин
S02AA10,Sirka kislotasi,Уксусная кислота
S02AA11,Polimiksin B,Полимиксин B
S02AA12,Rifamitsin,Рифамицин
S02AA13,Mikonazol,Миконазол
S02AA14,Gentamitsin,Гентамицин
S02AA15,Siprofloksatsin,Ципрофлоксацин
S02AA16,Ofloksatsin,Офлоксацин
S02AA30,Mikroblarga qarshi preparatlar majmuada,Противомикробные препараты в комбинации
S02BA,Kortikosteroidlar,Кортикостероиды
S03BA01,Deksametazon,Дексаметазон
S03BA02,Prednizolon,Преднизолон
S03BA03,Betametazon,Бетаметазон
S02CA,Kortikosteroidlar mikroblarga qarshi vositalar bilan majmuada,Кортикостероиды в комбинации с противомикробными средствами
S02CA01,Prednizolon mikroblarga qarshi preparatlar bilan majmuada,Преднизолон в комбинации с противомикробными препаратами
S02CA02,Flumetazon mikroblarga qarshi preparatlar bilan majmuada,Флуметазон в комбинации с противомикробными препаратами
S02CA03,Gidrokortizon mikroblarga qarshi preparatlar bilan majmuada,Гидрокортизон в комбинации с противомикробными препаратами
S02CA04,Triamsinolon mikroblarga qarshi preparatlar bilan majmuada,Триамцинолон в комбинации с противомикробными препаратами
S02CA05,Fluotsinolon atsetonidi mikroblarga qarshi preparatlar bilan majmuada,Флуоцинолона ацетонид в комбинации с противомикробными препаратами
S02CA06,Deksametazon mikroblarga qarshi preparatlar bilan majmuada,Дексаметазон в комбинации с противомикробными препаратами
S02CA07,Fludrokortizon mikroblarga qarshi preparatlar bilan majmuada,Флудрокортизон в комбинации с противомикробными препаратами
S02DA,Analgetiklar va anestetiklar,Анальгетики и анестетики
S02DA01,Lidokain,Лидокаин
S02DA02,Kokain,Кокаин
S02DA03,Fenazon,Феназон
S02DA04,Sinxokain,Цинхокаин
S02DA30,Otologik kasalliklarni davolash uchun boshqa preparatlar majmuada,Препараты для лечения отологический заболеваний другие в комбинации
S03AA,Mikroblarga qarshi preparatlar,Противомикробные препараты
S03AA01,Neomitsin,Неомицин
S03AA02,Tetratsiklin,Тетрациклин
S03AA03,Polimiksin B,Полимиксин B
S03AA04,Xlorgeksidin,Хлоргексидин
S03AA05,Geksamidin,Гексамидин
S03AA06,Gentamitsin,Гентамицин
S03AA07,Siprofloksatsin,Ципрофлоксацин
S03AA08,Xloramfenikol,Хлорамфеникол
S03AA30,Mikroblarga qarshi preparatlar majmuada,Противомикробные препараты в комбинации
S03BA,Kortikosteroidlar,Кортикостероиды
S03CA,Kortikoseroidlar mikroblarga qarshi vositalar bilan majmuada,Кортикостероиды в комбинации с противомикробными средствами
S03CA01,Deksametazon mikroblarga qarshi preparatlar bilan majmuada,Дексаметазон в комбинации с противомикробными препаратами
S03CA02,Prednizolon mikroblarga qarshi preparatlar bilan majmuadai,Преднизолон в комбинации с противомикробными препаратами
S03CA04,Gidrokortizon mikroblarga qarshi preparatlar bilan majmuada,Гидрокортизон в комбинации с противомикробными препаратами
S03CA05,Fludrokortizon mikroblarga qarshi preparatlar bilan majmuada,Флудрокортизон в комбинации с противомикробными препаратами
S03CA06,Betametazon mikroblarga qarshi preparatlar bilan majmuada,Бетаметазон в комбинации с другими противомикробными препаратами
V01AA,Allergen ekstraktlari,Экстракты аллергенов
V01AA01,Qush pati allergenlari,Аллергены птичьего пера
V01AA02,Oʻt gʻunchalari allergenlari,Аллергены трав пыльцевые
V01AA03,Maishiy allergenlar,Аллергены бытовые
V01AA04,Zamburugʻlar va achitqilar allergenlari,Аллергены грибов и дрожжей
V01AA05,Daraxt gʻunchalari allergenlari,Аллергены деревьев пыльцевые
V01AA07,Xashorotlar allergenlari,Аллергены насекомых
V01AA08,Oziq-ovqat allergenlari,Аллергены пищевые
V01AA09,Toʻqimachilik allergenlari,Аллергены текстильные
V01AA10,Gullar allergenlari,Аллергены цветов
V01AA11,Hayvonlar allergenlari,Аллергены животных
V01AA20,Boshqa allergenlar,Прочие аллергены
V03AB,Antidotlar,Антидоты
V03AB01,Ipekakuana,Ипекакуана
V03AB02,Nalorfin,Налорфин
V03AB03,Edetat kislotasi tuzlari,Эдетовой кислоты соли
V03AB04,Pralidoksim,Пралидоксим
V03AB05,Prednizolon va prometazin,Преднизолон и прометазин
V03AB06,Natriy tiosulfati,Натрия тиосульфат
V03AB07,Apomorfin,Апоморфин
V03AB08,Natriy nitriti,Натрия нитрит
V03AB09,Dimerkaprol,Димеркапрол
V03AB13,Obidoksim,Обидоксим
V03AB14,Protamin sulfati,Протамина сульфат
V03AB15,Nalokson,Налоксон
V03AB16,Etanol,Этанол
V03AB17,Metiltioniniy xloridi,Метилтиониния хлорид
V03AB18,Kaliy permanganati,Калия перманганат
V03AB19,Fizostigmin,Физостигмин
V03AB20,Mis sulfati,Меди сульфат
V03AB21,Kaliy yodidi,Калия йодид
V03AB22,Amilnitrit,Амилнитрит
V03AB23,Asetilsistein,Ацетилцистеин
V03AB24,Digitalis antitoksini,Дигиталисный антитоксин
V03AB25,Flumazenil,Флумазенил
V03AB26,Metionin,Метионин
V03AB27,4-dimetilaminofenol,4-диметиламинофенол
V03AB29,Xolinesteraza,Холинэстераза
V03AB31,Pruss koʻki,Прусский синий
V03AB32,Glutation,Глутатион
V03AB33,Gidroksokobalamin,Гидроксокобаламин
V03AB34,Fomepizol,Фомепизол
V03AB35,Sugammadeks,Сугаммадекс
V03AB36,Fentolamin,Фентоламин
V03AB37,Idarutsizumab,Идаруцизумаб
V03AB54,Pralidoksim va atropin,Пралидоксим и атропин
V03AC,Temir bogʻlovchi vositalar,Железосвязывающие средства
V03AC01,Deferoksamin,Дефероксамин
V03AC02,Deferipron,Деферипрон
V03AC03,Deferaziroks,Деферазирокс
V03AE,Giperkaliyemiya va giperfosfatemiyalarni davolash uchun preparatlar,Препараты для лечения гиперкалиемии и гиперфосфатемии
V03AE01,Polistirolsulfonat,Полистиролсульфонат
V03AE02,Sevelamer,Севеламер
V03AE03,Lantan karbonati,Лантана карбонат
V03AE04,Kalsiy atsetati va magniy karbonati,Кальция ацетат и магния карбонат
V03AE05,Temir (III) metagidroksidi saxaroz kompleksi,Метагидроксида железа (III) сахарозный комплекс
V03AE06,Kolestilan,Колестилан
V03AE07,Kalsiy atsetati,Ацетат кальция
V03AE08,Temir sitrati,Цитрат железа
V03AE09,Kalsiy patromeri,Патиромер кальция
V03AF,Oʻsma kasalliklari terapiyasi uchun dezintoksikatsion preparatlar,Дезинтоксикационные препараты для противоопухолевой терапии
V03AF01,Mesna,Месна
V03AF02,Deksrazoksan,Дексразоксан
V03AF03,Kalsiya folinat,Кальция фолинат
V03AF04,Kalsiya levofolinat,Кальция левофолинат
V03AF05,Amifostin,Амифостин
V03AF06,Natriya folinat,Натрия фолинат
V03AF07,Razburikaza,Разбуриказа
V03AF08,Palifermin,Палифермин
V03AF09,Glyukarpidaza,Глюкарпидаза
V03AF10,Natriy levofolinat,Натриевый левофолинат
V03AF11,Arginin va lizin,Аргинин и лизин
V03AF12,Trilatsiklib,Трилациклиб
V03AG,Giperkalsiyemiyani davolash uchun preparatlar,Препараты для лечения гиперкальциемии
V03AG01,Sellyuloza natriy fosfat,Целлюлозы натрия фосфат
V03AG05,Natriy fosfat,Натрия фосфат
V03AH,Gipoglikemiyani davolash uchun preparatlar,Препараты для лечения гипогликемии
V03AH01,Diazoksid,Диазоксид
V03AM,Embolizatsiya uchun preparatlar,Препараты для эмболизации
V03AN,Tibbiyot gazlari,Медицинские газы
V03AN01,Kislorod,Кислород
V03AN02,Karbonat angidrid,Углекислый газ
V03AN03,Geliy,Гелий
V03AN04,Azot,Азот
V03AN05,Tibbiyot havosi,Медицинский воздух
V03AX,Boshqa davolovchi vositalar,Прочие лечебные средства
V03AX02,Nalfurafin,Налфурафин
V03AX03,Kobitsistat,Кобицистат
V03AX04,Difelikefalin,Дифеликефалин
V03AZ,Denervatsiya uchun vositalar,Средства для денервации
V03AZ01,Etanol,Этанол
V04CA,Qandli diabetni aniqlash uchun testlar,Тесты для выявления сахарного диабета
V04CA01,Tolbutamid,Толбутамид
V04CB,Yogʻlarning surilishini aniqlovchi testlar,Тесты для определения всасывания жиров
V04CB01,Vitamin A konsentrati,Витамина A концентрат
V04CC,Safro chiqaruvchi yoʻllarning oʻtkazuvchanligini aniqlash uchun testlar,Тесты для определения проходимости желчных протоков
V04CC01,Sorbitol,Сорбитол
V04CC02,Magniy sulfati,Магния сульфат
V04CC03,Sinkalid,Синкалид
V04CC04,Seruletid,Церулетид
V04CD,Gipofiz funksiyasini aniqlash uchun testlar,Тесты для определения функции гипофиза
V04CD01,Metirapon,Метирапон
V04CD03,Sermorelin,Серморелин
V04CD04,Kortikoliberin,Кортиколиберин
V04CD05,Somatorelin,Соматорелин
V04CD06,Matsimorelin,Мациморелин
V04CE,Jigarning funksional holatini aniqlash uchun testlar,Тесты для определения функционального состояния печени
V04CE01,Galaktoza,Галактоза
V04CE02,Sulfobromoftalein,Сульфобромофталеин
V04CE03,Metatsetin (13C),Метацетин (13C)
V04CF,Tuberkulezni diagnostika qilish uchun testlar,Тесты для диагностики туберкулеза
V04CF01,Tuberkulin,Туберкулин
V04CG,Meʼda sekretsiyasini aniqlash uchun testlar,Тесты для определения желудочной секреции
V04CG01,Kationn-almashinuvchi rezina,Катионно-обменная резина
V04CG02,Betazol,Бетазол
V04CG03,Gistamin fosfati,Гистамина фосфат
V04CG04,Pentagastrin,Пентагастрин
V04CG05,Metiltioniniy xloridi,Метилтиониния хлорид
V04CG30,Kofein natriy benzoati,Кофеин бензоат натрия
V04CH,Buyrak va siydik yoʻllari funksiyasini aniqlash uchun testlar,Тесты для определения функции почек и повреждений мочеточников
V04CH01,Inulin va boshqa polifruktozalar,Инулин и другие полифруктозы
V04CH02,Indigo karmin,Индиго кармин
V04CH03,Fenolsulfonftalein,Фенолсульфонфталеин
V04CH04,Alsaktid,Алсактид
V04CH30,Aminogippurat kislotasi,Аминогиппуровая кислота
V04CJ,Qalqonsimon bez funksiyasini aniqlash uchun testlar,Тесты для определения функции щитовидной железы
V04CJ01,Tirotropin,Тиротропин
V04CJ02,Protirelin,Протирелин
V04CK,Meʼda osti bezi funksiyasini aniqlash uchun testlar,Тесты для определения функции поджелудочной железы
V04CK01,Sekretin,Секретин
V04CK02,Pankreozimin (xoletsistokinin),Панкреозимин (холецистокинин)
V04CK03,Bentiromid,Бентиромид
V04CM,Reproduktiv funksiya buzilishlarini aniqlash uchun testlar,Тесты для выявления нарушений репродуктивной функции
V04CM01,Gonadorelin,Гонадорелин
V04CX01,Indotsianin yashil,Индоцианин зеленый
V04CX02,Folat kislota,Фолиевая кислота
V04CX03,Metaxolin,Метахолин
V04CX04,Mannitol,Маннитол
V04CX05,13C-karbamid,13C-карбамид
V04CX06,Geksaminolevulinat,Гексаминолевулинат
V04CX07,Edrofonium,Эдрофониум
V04CX08,Uglerod oksidi,Окись углерода
V04CX09,Patentlangan ko'k,Патентованный синий
V04CX11,Litiy xlorid,Лития хлорид
V04CX12,Ksenon,Ксенон
V06CA,Fenilalaninsiz ozuqa vositalar,Средства питания без фенилаланина
V06DA,"Uglevodlar, oqsillar, minerallar va vitaminlar bilan majmuada","Углеводы, белки, минеральные вещества и витамины в комбинации"
V06DB,"Proteinlar, yog'lar, uglevodlar, minerallar va vitaminlar majmuasi","Комплекс белков, жиров, углеводов, минералов и витаминов"
V06DC,Uglevodlar,Углеводы
V06DC01,Dekstroza,Декстроза
V06DC02,Fruktoza,Фруктоза
V06DD,"Aminokislotalar, shu jumladan polipeptidlar bilan majmuada","Аминокислоты, включая комбинации с полипептидами"
V06DE,"Aminokislotalar, uglevodlar, minerallar va vitaminlar majmuasi","Аминокислоты, углеводы, минеральные вещества и витамины в комбинации"
V06DF,Sut o'rnini bosuvchi moddalar,Заменители молока
V06DX,Boshqa oziq-ovqat birikmalari,Сочетания средств питания другие
V08AA,Suvda eruvchan nefrotrop yuqori osmolyar rentgen kontrast vositalar,Водорастворимые нефротропные высокоосмолярные рентгеноконтрастные средства
V08AA01,Amidotrizoat kislotasi,Амидотризоевая кислота
V08AA02,Metrizoat kislotasi,Метризоевая кислота
V08AA03,Yodamid,Йодамид
V08AA04,Yotalamoat kislotasi,Йоталамовая кислота
V08AA05,Yoksitalam kislotasi,Йокситаламовая кислота
V08AA06,Yoglitsit kislotasi,Йоглициевая кислота
V08AA07,Asetrizoat kislotasi,Ацетризоевая кислота
V08AA08,Yokarmoat kislotasi,Йокармовая кислота
V08AA09,Metiodal,Метиодал
V08AA10,Diodon,Диодон
V08AB,Suvda eruvchan nefrotrop yuqori osmolyar rentgen kontrast vositalar,Водорастворимые нефротропные низкоосмолярные рентгеноконтрастные средства
V08AB01,Metrizamid,Метризамид
V08AB02,Yogeksol,Йогексол
V08AB03,Yoksagloat kislotasi,Йоксагловая кислота
V08AB04,Yopamidol,Йопамидол
V08AB05,Yopromid,Йопромид
V08AB06,Yotrolan,Йотролан
V08AB07,Yoversol,Йоверсол
V08AB08,Yopentol,Йопентол
V08AB09,Yodiksanol,Йодиксанол
V08AB10,Yomeprol,Йомепрол
V08AB11,Yobitridol,Йобитридол
V08AB12,Yoksilan,Йоксилан
V08AC,Suvda eruvchan gepatotropik rentgen okontrast vositalar,Водорастворимые гепатотропные рентгеноконтрастные средства
V08AC01,Yodoksam kislotasi,Йодоксамовая кислота
V08AC02,Yotroksoat kislotasi,Йотроксовая кислота
V08AC03,Yoglikam kislotasi,Йогликамовая кислота
V08AC04,Adipiodon,Адипиодон
V08AC05,Yobenzam kislotasi,Йобензамовая кислота
V08AC06,Yopanoat kislotasi,Йопаноевая кислота
V08AC07,Yotsetam kislotasi,Йоцетамовая кислота
V08AC08,Natriy yopodati,Йоподат натрия
V08AC09,Tiropanoat kislotasi,Тиропаноевая кислота
V08AC10,Kalsiy yopodat,Кальция йоподат
V08AD,Suvda erimaydigan rentgenokontrast vositalar,Водонерастворимые рентгеноконтрастные средства
V08AD01,Yodlangan yogʻ kislotalarining etil efirlari,Этиловые эфиры йодированных жирных кислот
V08AD02,Yopidol,Йопидол
V08AD03,Propiliodon,Пропилиодон
V08AD04,Yofendilat,Йофендилат
V08BA,Bariy sulfat saqlovchi rentgenokontrast vositalar,"Рентгеноконтрастные средства, содержащие бария сульфат"
V08BA01,Bariy sulfati suspenziya boʻluvchi preparatlar bilan,Бария сульфат с супендирующими препаратами
V08BA02,Bariy sulfati,Бария сульфат
V08CA,Paramagnit kontrast vositalar,Парамагнитные контрастные средства
V08CA01,Gadopentet kislotasi,Гадопентетовая кислота
V08CA02,Gadoteroat kislotasi,Гадотеровая кислота
V08CA03,Gadodiamid,Гадодиамид
V08CA04,Gadoteridol,Гадотеридол
V08CA05,Mangafodipir,Мангафодипир
V08CA06,Gadoversetamid,Гадоверсетамид
V08CA07,Temir sitrati qoʻsh tuzi,Двойная соль лимоннокислого железа
V08CA08,Gadobenoat kislotasi,Гадобеновая кислота
V08CA09,Gadobutrol,Гадобутрол
V08CA10,Gadoksetoat kislotasi,Гадоксетовая кислота
V08CA11,Gadofosvezet,Гадофосвезет
V08CB,Superparamagnitli kontrast vositalar,Суперпарамагнитные контрастные средства
V08CB01,Ferumoksil,Ферумоксил
V08CB02,Ferristen,Ферристен
V08CB03,Temir oksidi,Железа оксид
V08CX,Magnit-rezonans tomografiya uchun boshqa kontras vositalar,Другие контрастные средства для магнитно-резонансной томографии
V08CX01,Perflubron,Перфлуброн
V08DA,Ultratovush tashxis qoʻyish uchun kontrast vositalar,Контрастные средства для ультразвуковой диагностики
V08DA01,Odam albumini mikrosferalari,Микросферы человеческого альбумина
V08DA02,Galaktoza mikrozarralari,Галактозы микрочастицы
V08DA03,Perflenapent,Перфленапент
V08DA04,Fosfolipidlardan liposomalar,Липосомы из фосфолипидов
V08DA05,Oltingugurt geksaftoridi,Серы гексафторид
V08DA06,Perflubutanning polimer mikrosferalari,Полимерные микросферы перфлубутана
V09AA,Texnetsiy (99mtc) birimalari,Соединения технеция (99mtc)
V09AA01,Texnetsiy 99m - ekzametazim,Технеций 99m - экзаметазим
V09AA02,Texnetsiy 99m - bitsizat,Технеций 99m - бицизат
V09AB,Yod (123i) birikmalari,Соединения йода (123i)
V09AB01,Yod-123 yofenamin,Йод-123 йофенамин
V09AB02,Yod-123 yoloprid,Йод-123 йолоприд
V09AB03,Loflupan (123-I),Лофлупан (123-I)
V09AX,MNT kasalliklarini diagnostika qilish uchun boshqa radiofarmatsevtik vositalar,Другие радиофармацевтические средства для диагностики заболеваний ЦНС
V09AX01,Indiy-111 - pentetat,Индий-111 - пентетат
V09AX02,Ftor-18 dezoksiglyukoza,Фтор-18 дезоксиглюкоза
V09AX03,Ioda-124 2-Betakarbometoksi-3beta(4-Yodofenil)-Tropan,Иода-124 2-Бетакарбометокси-3бета(4-Йодофенил)-Тропан
V09AX04,Flutemetamol (18F),Флутеметамол (18F)
V09AX05,Florbetapir (18F),Флорбетапир (18F)
V09AX06,Florbetaben (18F),Флорбетабен (18F)
V09BA,Texnetsiy (99mtc) birikmalari,Соединения технеция (99mtc)
V09BA01,Texnetsiy 99m-oksidronat,Технеций 99m-оксидронат
V09BA02,Texnetsiy 99m-medronat,Технеций 99m-медронат
V09BA03,Texnetsiy 99m-pirofosfat,Технеций 99m-пирофосфат
V09BA04,Texnetsiy 99m-difosfonopropanedikarbon kislotasi,Технеций 99m-дифосфонопропанедикарбоновая кислота
V09CA,Texnetsiy (99mtc) birikmalari,Соединения технеция (99mtc)
V09CA01,Texnetsiy 99m -pentetat,Технеций 99m -пентетат
V09CA02,Texnetsiy 99m -suksimer,Технеций 99m -сукцимер
V09CA03,Texnetsiy 99m -mertiadid,Технеций 99m -мертиадид
V09CA04,Texnetsiy 99m -glyukogeptonat,Технеций 99m -глюкогептонат
V09CA05,Texnetsiy 99m- glyukonat,Технеций 99m- глюконат
V09CA06,Texnetsiy 99m - etilenditsistein,Технеций 99m - этилендицистеин
V09CX,Buyrak va siydik yoʻllari kasalliklarini diagnostika qilish uchun boshqa radiofarmatsevtik vositalar,Другие радиофармацевтические средства для диагностики заболеваний почек и мочевыводящих путей
V09CX01,Yod-123 -gippurat,Йод-123 -гиппурат
V09CX02,Yod-131 -gippurat,Йод-131 -гиппурат
V09CX03,Yod-125 -gippurat,Йод-125 -гиппурат
V09CX04,Xrom-51 -edetat,Хром-51 -эдетат
V09DA,Texnetsiy (99mtc) birikmalari,Соединения технеция (99mtc)
V09DA01,Texnetsiy 99m -dizofenin,Технеций 99m -дизофенин
V09DA02,Texnetsiy 99m -etifenin,Технеций 99m -этифенин
V09DA03,Texnetsiy 99m -lidofenin,Технеций 99m -лидофенин
V09DA04,Texnetsiy 99m -mebrofenin,Технеций 99m -меброфенин
V09DA05,Texnetsiy 99m -galtifenin,Технеций 99m -галтифенин
V09DB,"Texnetsiy (99mtc), zarrachalar va kolloidlar","Технеций (99mtc), частицы и коллоиды"
V09DB01,Texnetsiy 99m nanokolloidli,Технеций 99m наноколлоидный
V09DB02,Texnetsiy 99m mikrokolloidli,Технеций 99m микроколлоидный
V09DB03,Texnetsiy 99m millimikrosferalar,Технеций 99m миллимикросферы
V09DB04,Texnetsiy 99m - kolloid qalay,Технеций 99m -олово коллоидное
V09DB05,Texnetsiy 99m - kolloid oltingugurt,Технеций 99m -сера коллоидная
V09DB06,Texnetsiy 99m - kolloid remimsulfid,Технеций 99m -ремимсульфид коллоидный
V09DB07,Texnetsiy 99m -fitat,Технеций 99m -фитат
V09DX,Jigar va retikuloendotelial tizimi kasalliklarini tashxis qoʻyish uchun boshqa radiofarmatsevtik vositalar,Другие радиофармацевтические средства для диагностики заболеваний печени и ретикулоэндотелиальной системы
V09DX01,Selen-75 tauroselxol kislotasi,Селен-75 тауроселхолевая кислота
V09EA,"Texnetsiy (99mtc), ingalyatsiya uchun",Технеций (99mtc) для ингаляций
V09EA01,Texnetsiy 99m -pentetat,Технеций 99m -пентетат
V09EA02,Texnetsiy 99m -texnegaz,Технеций 99m -технегаз
V09EA03,Texnetsiy 99m nanokolloid,Технеций 99m наноколлоидный
V09EB01,Texnetsiy 99m-makrosalb,Технеций 99m-макросалб
V09EB02,Texnetsiy 99m-mikrosfera,Технеций 99m-микросферы
V09FX,Qalqonsimon bez kasalliklarini diagnostika qilish uchun turli radiofarmatsevtik vositalar,Разные радиофармацевтические средства для диагностики заболеваний щитовидной железы
V09FX01,Texnetsiy 99m -pertexnetat,Технеций 99m -пертехнетат
V09FX02,Yod-123 -natriy yodid,Йод-123 -натрия йодид
V09FX03,Yod-131 -natriy yodid,Йод-131 -натрия йодид
V09FX04,Natriy yodid (124I),Натрия йодид (124I)
V09GA,Texnetsiy (99mtc) birikmalari,Соединения технеция (99mtc)
V09GA01,Texnetsiy 99m -sestamibi,Технеций 99m -сестамиби
V09GA02,Texnetsiy 99m -tetrofosmin,Технеций 99m -тетрофосмин
V09GA03,Texnetsiy 99m -teboksim,Технеций 99m -тебоксим
V09GA04,Texnetsiy 99m - odam albumini,Технеций 99m -человеческий альбумин
V09GA05,Texnetsiy 99m -furifosmin,Технеций 99m -фурифосмин
V09GA06,Texnetsiy 99m - qalay bilan nishonlangan hujayralar,Технеций 99m -олово помеченные клетки
V09GA07,Texnetsiy (99mtc) apsitid,Технеция (99mtc) апцитид
V09GB,Yod (125i) birikmalari,Соединения йода (125i)
V09GB01,Yod-125 -odam fibrinogeni,Йод-125 -челевеческий фибриноген
V09GB02,Yod-125 -odam albumini,Йод-125 -человеческий альбумин
V09GX,Yurak-qon tomir tizimi kasalliklarini tashxis qoʻyish uchun radiofarmatsevtik vositalar,Другие радиофармацевтические средства для диагностики заболеваний сердечно-сосудистой системы
V09GX01,Talliy-201 -xlorid,Таллий-201 -хлорид
V09GX02,Indiy-111 -imsironab,Индий-111 -имциронаб
V09GX03,Xrom-51 nishonlangan hujayralar,Хром-51 меченные клетки
V09GX04,Rubidiy-82 xloridi,Рубидия-82 хлорид
V09GX05,Ammoniy (13N),Аммоний (13N)
V09HA,Texnetsiy (99mtc) birikmalari,Соединения технеция (99mtc)
V09HA01,Texnetsiy 99m -odam immunoglobulini,Технеций 99m -человеческий иммуноглобулин
V09HA02,Texnetsiy 99m -ekzametazin nishonlangan hujayralar,Технеций 99m -экзаметазин меченные клетки
V09HA03,Texnetsiy 99m -antigranulotsitar antitanachalar,Технеций 99m -антигранулоцитарные антитела
V09HA04,Texnetsiy (99mtc) sulesomab,Технеция (99mtc) сулесомаб
V09HB,Indiy (111in) birikmalari,Соединения индия (111in)
V09HB01,Indiy-111 -oksinat nishonlangan hujayralar,Индий-111 -оксинат меченные клетки
V09HB02,Indiy-111 -tropolonat nishonlangan hujayralar,Индий-111 -трополонат меченные клетки
V09HX,Yalligʻlanish va infeksiyalarni aniqlash uchun boshqa radiofarmatsevti vositalar,Другие радиофармацевтические средства для выявления воспаления и инфекции
V09HX01,Galliy-67 sitrati,Галлий-67 цитрат
V09IA,Texnetsiy (99mtc) birikmalari,Соединения технеция (99mtc)
V09IA01,Texnetsiy 99m -oʻsmaga qarshi antigenlarga antitanachalar,Технеций 99m -антитела к противоопухолевым антигенам
V09IA02,Texnetsiy 99m -melanomaga qarshi antitanachalar,Технеций 99m -антимеланомные антитела
V09IA03,Texnetsiy 99m -pyativalent suksimer,Технеций 99m -пятивалентный сукцимер
V09IA04,Texnetsiy 99m votumumab,Технеций 99m вотумумаб
V09IA05,Texnetsiy 99m depretoid,Технеций 99m депретоид
V09IA06,Texnetsiy 99m arsitumomab,Технеций 99m арцитумомаб
V09IA07,Texnetsiy (99mtc) gin-oktreotid,Технеций (99mtc) гин-октреотид
V09IA08,Texnetsiy (99mtc) etarfolatid,Технеций (99mtc) этарфолатид
V09IA09,Texnetsiy (99mtc) tilmanotsept,Тилманоцепт технеция (99mtc)
V09IA10,Texnetsiy (99mTc) trofolastat xlorid,Технеция (99mTc) трофоластата хлорид
V09IB,Indiy (111in) birikmalari,Соединения индия (111in)
V09IB01,Indiy-111 -pentetreotid,Индий-111 -пентетреотид
V09IB02,Indiy-111 -satumomomabpendetid,Индий-111 -сатумомомабпендетид
V09IB03,Indiy-111 -rakka qarshi antitanachalar,Индий-111 -противораковые антитела
V09IB04,Indiy-111 kapromabpentetid,Индий-111 капромабпентетид
V09IX,Oʻsmalarni diagnostika qilish uchun boshqa radiofarmatsevtik vositalar,Другие радиофармацевтические средства для диагностики новообразований
V09IX01,Yod-123 -yobenguan,Йод-123 -йобенгуан
V09IX02,Yod-131 -yobenguan,Йод-131 -йобенгуан
V09IX03,Yod 125-ss49 monoklonal antitanachalar,Йод 125-сс49 моноклональные антитела
V09IX04,Fludezoksiglyukoza (18F),Флудезоксиглюкоза (18F)
V09IX05,Fluorodopa (18F),Флуородопа (18F)
V09IX06,Natriy (18f) ftoridi,Фторид натрия (18f)
V09IX07,Ftormetilxolin (18F),Фторметилхолин (18F)
V09IX08,Ftoretilxolin (18F),Фторэтилхолин (18F)
V09IX09,Galliy (68ga) edotreotid,Галлий (68ga) эдотреотид
V09IX10,Ftoretil-l-tirozin (18f),Фторэтил-l-тирозин (18f)
V09IX11,Ftorestradiol (18F),Фторэстрадиол (18F)
V09IX12,Flutsiklovin (18F),Флуцикловин (18F)
V09IX13,Metionin (11C),Метионин (11С)
V09IX14,Galiy (68Ga) gosetotid,Галий (68Ga) гозетотид
V09IX18,Flotufolastat (18F),Флотуфоластат (18F)
V09XA,Yod (131i) birikmalari,Соединения йода (131i)
V09XA01,Yod-131 –norxolesterol,Йод-131 –норхолестерол
V09XA02,Yod-131 –xolesterol,Йод-131 –холестерол
V09XA03,Yod-131 - odam albumini,Йод-131 -альбумин человека
V09XX,Turli diagnostik radiofarmatsevtik vositalar,Разные диагностические радиофармацевтические средства
V09XX01,Kobalt-57 -sianokobalamin,Кобальт-57 -цианокобаламин
V09XX02,Kobalt-58 -sianokobalamin,Кобальт-58 -цианокобаламин
V09XX03,Selen-75 –norxolesterol,Селен-75 –норхолестерол
V09XX04,Temir 59 sitrati,Железа 59 цитрат
V10AA,Ittriy (90y) birikmalari,Соединения иттрия (90y)
V10AA01,Ittriy-90 - kolloid sitrati,Иттрий-90 -цитрат коллоидный
V10AA02,Ittriy-90 -temir kolloid gidroksidi,Иттрий-90 -железа гидроксид коллоидный
V10AA03,Ittriy-90 -silikat kolloidli,Иттрий-90 -силикат коллоидный
V10AX,Yalligʻlanishga qarshi boshqa radiofarmatsevtik vositalar,Другие радиофармацевтические противовоспалительные средства
V10AX01,Fosfor-32 xromofosfat kolloidli,Фосфор-32 хромофосфат коллоидный
V10AX02,Samariy-153 gidroksiapatit kolloidli,Самарий-153 гидроксиапатит коллоидный
V10AX03,Disprosiy-165 kolloidli,Диспросий-165 коллоидный
V10AX04,Erbiy-169 -sitrat -kolloidli,Эрбий-169 -цитрат -коллоидый
V10AX05,Reniy-186 -sulfid kolloidli,Рений-186 -сульфид коллоидный
V10AX06,Oltin-198 –kolloidli,Золото-198 –коллоидное
V10BX,Ogʻriqlarini kamaytirish uchun turli radiofarmatsevtik vositalar,Разные радиофармацевтические средства для уменьшения боли
V10BX01,Stronsiy xloridi-89,Стронций хлорид-89
V10BX02,153 sm-etilendiamintetrametilfosfor kislotasi,153 sm-этилендиаминтетраметилфосфорная кислота
V10BX03,Reniy-186,Рений-186
V10XA,Yod (131i) birikmalari,Соединения йода (131i)
V10XA01,Yod-131 -natriy yodidi,Йод-131 -натрия йодид
V10XA02,Yod-131 –yobenguan,Йод-131 –йобенгуан
V10XA03,Yod- (131I) omburtamab,Йод (131I) омбуртамаб
V10XA04,Yod- (131I) apamistamab,Йода (131I) апамистамаб
V10XA53,Tositumomab/(131) yod-tositumomab,Тоситумомаб/(131)йод-тоситумомаб
V10XX,Turli terapevtik radiofarmatsevtik vositalar,Разные терапевтические радиофармацевтические средства
V10XX01,Natriy fosfati (fosfor-32),Натрия фосфат (фосфор-32)
V10XX02,Ibritumomab tiuksetan (ittriy-90),Ибритумомаб тиуксетан (иттрий-90)
V10XX03,Radiy xloridi (223-ra),Радия хлорид (223-ra)